station_id,long_name,short_name
S05700,ABANO TERME,Abano Terme
S01416,ABBADIA LARIANA,Abbadia Lariana
S12873,ABBASANTA,Abbasanta
S01062,ABBIATEGRASSO,Abbiategrasso
S12409,ACATE,Acate
S07423,ACCIANO,Acciano
S09215,ACERRA,Acerra
S12328,ACIREALE,Acireale
S08715,ACQUA ACETOSA,Acqua Acetosa
S11722,ACQUAFREDDA,Acquafredda
S09798,ACQUAMELA,Acquamela
S01913,ACQUANEGRA CREMONESE,Acquanegra Crem.
S11736,ACQUAPPESA,Acquappesa
S12209,ACQUAVIVA,Acquaviva
S11504,ACQUAVIVA DELLE FONTI,Acquaviva
S12026,ACQUEDOLCI-S.FRATELLO,Acquedolci S.F.
S00867,ACQUI TERME,Acqui Terme
S11907,ACRI BISIGNANO LUZZI,Acri Bisignano
S05420,ADRIA,Adria
S11872,AFRICO NUOVO,Africo Nuovo
S00804,AGLIANO CASTELNUOVO CALCEA,Agliano C.C.
S00075,AGOGNATE,AGOGNATE
S12213,AGRIGENTO BASSA,Agrigento Bassa
S12216,AGRIGENTO CENTRALE,Agrigento Centr.
S11705,AGROPOLI CASTELLABATE,Agropoli
S08550,AIELLI,Aielli
S00514,AIRASCA,Airasca
S04481,AIROLE,Airole
S01515,AIRUNO,Airuno
S02049,ALA,Ala
S07708,ALANNO,Alanno
S02566,ALANO FENER VALDOBBIADENE,Alano Fener Val.
S04515,ALASSIO,Alassio
S00825,ALBA,Alba
S07800,ALBA ADRIATICA NERETO CONTR.,Alba Adriatica
S07207,ALBACINA,Albacina
S01059,ALBAIRATE VERMEZZO,Albairate-V.
S11453,ALBANO DI LUCANIA,Albano Lucania
S08704,ALBANO LAZIALE,Albano Laziale
S01534,ALBANO S.ALESSANDRO,Albano S.Aless.
S09004,ALBANOVA,Albanova
S02538,ALBAREDO,Albaredo
S01310,ALBATE CAMERLATA,Albate-Camerlata
S01450,ALBATE-TRECALLO,Albate-Trecallo
S04516,ALBENGA,Albenga
S08001,ALBERESE,Alberese
S06067,ALBERGO,Albergo
S08003,ALBINIA,Albinia
S04529,ALBISOLA,Albisola
S01209,ALBIZZATE SOLBIATE ARNO,Albizzate S.A.
S00033,ALBONESE,Albonese
S01863,ALBUZZANO,Albuzzano
S12150,ALCAMO DIRAMAZIONE,Alcamo diramaz.
S12320,ALCANTARA,Alcantara
S00470,ALESSANDRIA,Alessandria
S08908,ALFEDENA-SCONTRONE,Alfedena-Scontr
S05808,ALFONSINE,Alfonsine
S00809,ALICE BELCOLLE,Alice Belcolle
S09020,ALIFE,Alife
S12310,ALI` TERME,Ali' Terme
S08202,ALLERONA-CASTEL VISCARDO,Allerona
S00216,ALPIGNANO,Alpignano
S11307,ALTAMURA,Altamura
S04810,ALTARE,Altare
S09511,ALTAVILLA IRPINA,Altavilla Irpina
S12011,ALTAVILLA M.,Altavilla
S02444,ALTAVILLA TAVERNELLE,Altavilla Tav.
S06407,ALTOPASCIO,Altopascio
S08206,ALVIANO,Alviano
S09023,ALVIGNNO,Alvignano
S11744,AMANTEA,Amantea
S01527,AMBIVERE MAPELLO,Ambivere Mapello
S11051,AMENDOLA,Amendola
S11807,AMENDOLARA ORIOLO,Amendolara Or.
S09306,AMOROSI MELIZZANO,Amorosi Mel.
S08658,ANAGNI-FIUGGI,Anagni-Fiuggi
S07113,ANCONA,Ancona
S07116,ANCONA MARITTIMA,Ancona Mar.
S07114,ANCONA STADIO,Ancona S.
S07015,ANCONA TORRETTE,Ancona Torrette
S02141,ANCONETTA,Anconetta
S04525,ANDORA,Andora
S09031,ANFITEATRO,Anfiteatro
S09812,ANGRI,Angri
S08318,ANGUILLARA,Anguillara
S11870,ANNA',Anna'
S02769,ANNONE VENETO,Annone Veneto
S06727,ANTIGNANO,Antignano
S07408,ANTRODOCO BORGO VELINO,Antrodoco B.V.
S07435,ANTRODOCO CENTRO,Antrodoco Centro
S08537,ANVERSA-VILLALAGO-SCANNO,Anversa V. S.
S01453,ANZANO DEL PARCO,Anzano del Parco
S08709,ANZIO,Anzio
S08713,ANZIO COLONIA,Anzio Colonia
S05386,ANZOLA,Anzola
S00137,AOSTA,Aosta
S00143,AOSTA ISTITUTO,Aosta Istituto
S00146,AOSTA VIALE EUROPA,Aosta V.Europa
S09314,APICE S.ARCANGELO BONITO,Apice S.A.B.
S08328,APPIANO,Appiano
S11024,APRICENA,Apricena
S08705,APRILIA,Aprilia
S09623,AQUILONIA,Aquilonia
S12370,ARAGONA CALDARE,Aragona Caldare
S06811,ARBIA,Arbia
S09838,ARBOSTELLA,Arbostella
S08861,ARCE,Arce
S07992,ARCHI,Archi
S01203,ARCISATE,Arcisate
S06006,ARCOLA,Arcola
S01510,ARCORE,Arcore
S12817,ARDARA,Ardara
S01427,ARDENNO MASINO,Ardenno Masino
S11853,ARDORE,Ardore
S09839,ARECHI,Arechi
S01947,ARENA PO,Arena Po
S04533,ARENZANO,Arenzano
S06915,AREZZO,Arezzo
S06086,AREZZO C.C.,Arezzo C. C.
S06063,AREZZO PESCAIOLA,AREZZO PESCAIOLA
S05804,ARGENTA,Argenta
S09316,ARIANO IRPINO,Ariano Irpino
S01020,ARONA,Arona
S01092,AROSIO,Arosio
S09017,ARPAIA-AIROLA-S. AGATA DEI GOTI,Arpaia-Airola
S08859,ARPINO,Arpino
S04207,ARQUATA SCRIVIA,Arquata Scrivia
S05707,ARQUA`,Arqua'
S08516,ARSOLI,Arsoli
S03021,ARTEGNA,Artegna
S00134,ARVIER,Arvier
S11711,ASCEA,Ascea
S06813,ASCIANO,Asciano
S06825,ASCIANO MONTE OLIVETO MAGGIORE,Asciano M.O.M.
S07550,ASCOLI PICENO,Ascoli P.
S11203,ASCOLI SATRIANO,Ascoli Satriano
S01847,ASOLA,Asola
S12889,ASSEMINI,Assemini
S12809,ASSEMINI CARMINE,ASSEMINI C.
S12808,ASSEMINI S. LUCIA,ASSEMINI S. L.
S07008,ASSISI,Assisi
S01101,ASSO,ASSO
S00462,ASTI,Asti
S07998,ATELETA,Ateleta
S09904,ATENA,Atena
S08207,ATTIGLIANO,Attigliano
S12345,AUGUSTA,Augusta
S09902,AULETTA,Auletta
S06168,AULLA,Aulla
S06013,AULLA LUNIGIANA,Aulla Lunigiana
S03550,AURISINA,Aurisina
S09514,AVELLINO,Avellino
S09006,AVERSA,Aversa
S08526,AVEZZANO,Avezzano
S03087,AVIANO,Aviano
S00214,AVIGLIANA,Avigliana
S11214,AVIGLIANO LUCANIA,Avigliano Luc.
S02050,AVIO,Avio
S00133,AVISE,Avise
S12426,AVOLA,Avola
S11499,BA POLICLINICO,Ba Policlinico
S06081,BACIANO,Baciano
S03118,BADEN,Baden
S02370,BADIA POLESINE,Badia Polesine
S11841,BADOLATO,Badolato
S05186,BAGGIOVARA OSPEDALE,Bagg.O
S12008,BAGHERIA,Bagheria
S05902,BAGNACAVALLO,Bagnacavallo
S11770,BAGNARA,Bagnara
S03123,BAGNARIA ARSA,Bagnaria Arsa
S00921,BAGNASCO,Bagnasco
S06308,BAGNI DI LUCCA,Bagni di Lucca
S08504,BAGNI DI TIVOLI,Bagni di Tivoli
S09102,BAGNOLI AGNANO TERME,Bagnoli Agnano T
S09613,BAGNOLI IRPINO,Bagnoli Irpino
S05946,BAGNOLO IN PIANO,BAGNOLO
S01901,BAGNOLO MELLA,Bagnolo Mella
S07224,BAIANO DI SPOLETO,Baiano di S.
S00094,BALANGERO,BALANGERO
S03418,BALATONFOELDVAR,Balatonfoeldvar
S03459,BALATONLELLE,Balatonlelle
S03566,BALATONSZENTGYORGY,Balatonszent.gy
S00460,BALDICHIERI,Baldichieri
S12122,BALESTRATE,Balestrate
S08856,BALSORANO,Balsorano
S09830,BALVANO R.,Balvano R.
S00178,BALZOLA,Balzola
S00732,BANDITO,Bandito
S09832,BARAGIANO,Baragiano
S09458,BARANELLO,Baranello
S06806,BARBERINO VAL D`ELSA,Barberino V.E
S01932,BARBIANELLO,Barbianello
S05905,BARBIANO,Barbiano
S12971,BARBUSI,Barbusi
S12041,BARCELLONA,Barcellona
S05929,BARCO,BARCO
S00202,BARDONECCHIA,Bardonecchia
S06303,BARGA GALLICANO,Barga-Gallicano
S11119,BARI CENTRALE,Bari C.le
S11118,BARI PALESE MACCHIE,Bari Palese M.
S11148,BARI PARCO NORD,Bari Parco Nord
S11149,BARI PARCO NORD FASCIO TARANTO,Bari PN F.Ta
S11125,BARI PARCO SUD,Bari Parco Sud
S11116,BARI S. SPIRITO,Bari S.Spirito
S11513,BARI S.ANDREA,Bari S.Andrea
S11150,BARI S.GIORGIO,Bari S.Giorgio
S11126,BARI TORRE A MARE,BA Torre a Mare
S11004,BARI TORRE QUETTA,BARI T. QUETTA
S11003,BARI VILLAGGIO DEL LAVORATORE,Bari Vill. L.
S11120,BARI ZONA INDUSTRIALE,BA Zona Ind.le
S05419,BARICETTA,Baricetta
S11208,BARILE,Barile
S01926,BARLASSINA,Barlassina
S11108,BARLETTA,Barletta
S09520,BARONISSI,Baronissi
S01929,BARRUCCANA,Barruccana
S08204,BASCHI-MONTECCHIO,Baschi Montecc.
S02832,BASILIANO,Basiliano
S02520,BASSANO DEL GRAPPA,Bassano del Gr.
S08208,BASSANO IN TEVERINA,Bassano Teverina
S08312,BASSANO ROMANO,Bassano Romano
S07007,BASTIA,Bastia
S00908,BASTIA MONDOVI`,Bastia Mondovi'
S05702,BATTAGLIA TERME,Battaglia Terme
S09823,BATTIPAGLIA,Battipaglia
S12875,BAULADU MILIS,Bauladu Milis
S01015,BAVENO,Baveno
S00807,BAZZANA,Bazzana
S05975,BAZZANO,BAZZANO
S00203,BEAULARD,Beaulard
S07422,BEFFI,Beffi
S00901,BEINETTE,Beinette
S01864,BELGIOIOSO,Belgioioso
S01017,BELGIRATE,Belgirate
S09831,BELLA MURO,Bella Muro
S01409,BELLANO TARTAVELLE TERME,Bellano T.Terme
S07902,BELLANTE RIPATTONE,Bellante Ripat.
S05817,BELLARIA,Bellaria
S11512,BELLAVISTA,Bellavista
S00985,BELLINZAGO,Bellinzago
S00300,BELLINZONA,Bellinzona
S07061,BELLISIO SOLFARE,Bellisio Solfare
S02559,BELLUNO,Belluno
S11743,BELMONTE CALABRO,Belmonte
S11732,BELVEDERE MARITTIMO,Belvedere M.
S09311,BENEVENTO,Benevento
S09472,BENEVENTO ACQUAFREDDA,BN Acquafredda
S09011,BENEVENTO APPIA,BENEVENTO APPIA
S09530,BENEVENTO ARCO TRAIANO,BN Arco Traiano
S09509,BENEVENTO PORTA RUFINA,BN Porta Rufina
S09012,BENEVENTO RIONE LIBERTA',BN Rion. Libertà
S06158,BERCETO,Berceto
S12859,BERCHIDDA,Berchidda
S00838,BERGAMASCO,Bergamasco
S01529,BERGAMO,Bergamo
S11460,BERNALDA,Bernalda
S01488,BESANA,Besana
S01145,BESNATE,Besnate
S01141,BESOZZO,Besozzo
S01007,BEURA CARDEZZA,Beura Cardezza
S04482,BEVERA,Bevera
S02391,BEVILACQUA,Bevilacqua
S05119,BIAGIONI LAGACCI,Biagioni Lagacci
S11855,BIANCO,Bianco
S00238,BIANZE`,Bianze'
S01438,BIANZONE,Bianzone
S01483,BIASSONO-LESMO PARCO,Biassono-Lesmo P
S05927,BIBBIANO,Bibbiano
S05926,BIBBIANO VIA MONTI,Bibbiano M
S06076,BIBBIENA,Bibbiena
S06077,BIBBIENA CORSALONE,Bibbiena Corsal.
S00522,BIBIANA,Bibiana
S12338,BICOCCA,Bicocca
S00970,BIELLA CHIAVAZZA,Biella Chiavazza
S00070,BIELLA S.PAOLO,Biella S.Paolo
S06611,BIFORCO,Biforco
S06950,BINARIO S.MARCO VECCHIO,Binario.S.M.V.
S11113,BISCEGLIE,Bisceglie
S00870,BISTAGNO,Bistagno
S01202,BISUSCHIO VIGGIU,Bisuschio Viggiu
S11501,BITETTO PALO DEL COLLE,Bitetto
S11252,BITRITTO,BITRITTO
S03313,BIVIO D`AURISINA,BIVIO D'AURISINA
S09763,BOCCIA AL MAURO,Boccia al Mauro
S04709,BOGLIASCO,Bogliasco
S09453,BOIANO,Boiano
S06028,BOLGHERI,Bolgheri
S01071,BOLLATE CENTRO,Bollate Centro
S01072,BOLLATE NORD,Bollate Nord
S05100,BOLOGNA BORGO PANIGALE,Borgo Panigale
S05043,BOLOGNA C.LE,Bologna Centrale
S05046,BOLOGNA C.LE/AV,Bologna C.le/AV
S05725,BOLOGNA CORTICELLA,Bo.Corticella
S05020,BOLOGNA FIERE,Bologna Fiere
S05140,BOLOGNA MAZZINI,BO. Mazzini
S05042,BOLOGNA RAVONE,BO Ravone
S05989,BOLOGNA RIMESSE,Bo Rim.
S05130,BOLOGNA S.RUFFILLO,BO S.Ruffillo
S05081,BOLOGNA SAN VITALE,Bologna S.Vitale
S05991,BOLOGNA VIA LARGA,BO Lar.
S02026,BOLZANO,Bolzano / Bozen
S00014,BOLZANO NOVARESE,Bolzano Novarese
S02226,BOLZANO SUD,Bolzano Sud / Bozen Sud
S07993,BOMBA TORRICELLA,Bomba Torricella
S04730,BONASSOLA,Bonassola
S05165,BONDENO,Bondeno
S09464,BONEFRO S.CROCE,Bonefro S.Croce
S02383,BONFERRARO,Bonferraro
S12867,BONORVA,Bonorva
S04503,BORDIGHERA,Bordighera
S05963,BORETTO,Boretto
S00086,BORGARO,Borgaro
S02051,BORGHETTO,Borghetto
S06100,BORGHETTO PARMENSE,Borghetto Parm.
S04518,BORGHETTO SANTO SPIRITO,Borghetto S.S.
S04521,BORGIO VEREZZI,Borgio Verezzi
S09526,BORGO,Borgo
S06410,BORGO A BUGGIANO,Borgo a Buggiano
S06309,BORGO A MOZZANO,Borgo a Mozzano
S04214,BORGO FORNARI PER VOLTAGGIO,Borgo Fornari
S00032,BORGO LAVEZZARO,Borgo Lavezzaro
S00171,BORGO REVEL,Borgo Revel
S06604,BORGO S. LORENZO,Borgo S.L.
S06704,BORGO S.L.RIMORELLI,Borgo S.L.Rimor.
S00315,BORGO S.MARTINO,Borgo S.Martino
S00613,BORGO SAN DALMAZZO,Borgo S.Dalmazzo
S00981,BORGO TICINO,Borgo Ticino
S06161,BORGO VAL DI TARO,Borgo Val Taro
S02313,BORGO VALSUGANA CENTRO,Borgo Valsugana
S02314,BORGO VALSUGANA EST,Borgo Valsug. E.
S00246,BORGO VERCELLI,Borgo Vercelli
S02021,BORGOCHIESANUOVA,Borgochiesan
S02338,BORGOFORTE,Borgoforte
S00152,BORGOFRANCO,Borgofranco
S01830,BORGOLOMBARDO,Borgolombardo
S00016,BORGOMANERO,Borgomanero
S00210,BORGONE,Borgone
S05152,BORGONUOVO,Borgonuovo
S00860,BORGORATTO,Borgoratto
S00104,BORGOSESIA,Borgosesia
S12872,BORORE,Borore
S02390,BOSCHI S.ANNA,Boschi S.Anna
S09452,BOSCO REDOLE,Bosco Redole
S00882,BOSCONERO,BOSCONERO
S09754,BOSCOREALE,Boscoreale
S11829,BOTRICELLO,Botricello
S03057,BOTTENICCHIO Z.I.,Bottenicchio Z.I
S11860,BOVA MARINA,Bova Marina
S11854,BOVALINO,Bovalino
S09321,BOVINO DELICETO,Bovino Deliceto
S01085,BOVISO MASCIAGO - MOMBELLO,Boviso M.-Momb.
S02363,BOVOLONE,Bovolone
S01920,BOZZOLO,Bozzolo
S00821,BRA,Bra
S08315,BRACCIANO,Bracciano
S04803,BRAGNO,Bragno
S11857,BRANCALEONE,Brancaleone
S00231,BRANDIZZO,Brandizzo
S00622,BREIL SUR ROYA,Breil Sur Roya
S01452,BRENNA-ALZATE,Brenna-Alzate
S02001,BRENNERO,BRENNERO / Brenner
S01717,BRESCIA,Brescia
S01930,BRESSANA ARGINE,Bressana Argine
S01805,BRESSANA BOTTARONE,Bressana Bott.
S02014,BRESSANONE,Bressanone / Brixen
S11757,BRIATICO,Briatico
S00521,BRICHERASIO,Bricherasio
S11136,BRINDISI,Brindisi
S11451,BRINDISI DI MONTAGNA,Brindisi di Mont
S11137,BRINDISI MARITTIMA,Brindisi Maritt.
S00113,BRIONA,Briona
S06614,BRISIGHELLA,Brisighella
S12031,BROLO FICARRA,Brolo Ficarra
S01944,BRONI,Broni
S02030,BRONZOLO,Bronzolo / Branzoll
S00424,BROZOLO,Brozolo
S02107,BRUNICO,Brunico / Bruneck
S02018,BRUNICO NORD,Brunico Nord
S00837,BRUNO,Bruno
S00209,BRUZOLO,Bruzolo
S01813,BS EST PIAZ. SUD,Brescia
S09828,BUCCINO S.,Buccino
S06911,BUCINE,Bucine
S03088,BUDOIA POLCENIGO,Budoia Polcenigo
S05017,BUDRIO,Budrio
S05996,BUDRIO CENTRO,BudrioC.
S08538,BUGNARA,Bugnara
S06874,BUONCONVENTO,Buonconvento
S12016,BUONFORNELLO,Buonfornello
S00054,BURONZO,Buronzo
S02595,BUSA DI VIGONZA,Busa di Vigonza
S04215,BUSALLA,Busalla
S00704,BUSCA,Busca
S02563,BUSCHE LENTIAI MEL,Busche Lentiai M
S01963,BUSSETO,Busseto
S07704,BUSSI,Bussi
S00208,BUSSOLENO,Bussoleno
S01031,BUSTO ARSIZIO,Busto Arsizio
S01137,BUSTO ARSIZIO N.,Busto Arsizio N.
S01482,BUTTAFAVA,Buttafava
S05301,BUTTAPIETRA,Buttapietra
S03029,BUTTRIO,Buttrio
S07436,Bazzano (AQ),Bazzano (AQ)
S05048,Biv. Venezia,Biv.VE
S01088,CABIATE,Cabiate
S05006,CADEO,Cadeo
S12891,CAGLIARI,Cagliari
S12890,CAGLIARI ELMAS,Cagliari Elmas
S09025,CAIAZZO,Caiazzo
S00879,CAIRO MONTENOTTE,Cairo Montenotte
S12851,CALA SABINA,Cala Sabina
S02550,CALALZO PIEVE CADORE CORTINA,Calalzo PC Cort.
S00833,CALAMANDRANA,Calamandrana
S12321,CALATABIANO,Calatabiano
S12151,CALATAFIMI,Calatafimi
S06080,CALBEZANO,Calbezano
S02307,CALCERANICA,Calceranica
S11455,CALCIANO,Calciano
S01712,CALCIO,Calcio
S01117,CALDE`,Calde'
S02437,CALDIERO,Caldiero
S02308,CALDONAZZO,Caldonazzo
S06417,CALENZANO,Calenzano
S09620,CALITRI PESCOPAGANO,Calitri Pescop.
S02041,CALLIANO,Calliano
S01524,CALOLZIOCORTE OLGINATE,Calolziocorte O.
S11815,CALOPEZZATI,Calopezzati
S12270,CALTAGIRONE,Caltagirone
S12381,CALTANISSETTA CENTRALE,Caltanissetta C.
S12380,CALTANISSETTA XIRBI,Caltanissetta X.
S00020,CALTIGNAGA,Caltignaga
S01503,CALUSCO,Calusco
S00158,CALUSO,Caluso
S01843,CALVISANO,Calvisano
S06043,CAMAIORE LIDO CAPEZZANO,Camaiore Lido C.
S06804,CAMBIANO,Cambiano
S00456,CAMBIANO SANTENA,Cambiano Santena
S07021,CAMERANO ASPIO,Camerano Aspio
S12207,CAMMARATA S.GIOVANNI GEMINI,Cammarata S.G.G.
S01316,CAMNAGO-LENTATE,Camnago-Lentate
S04716,CAMOGLI SAN FRUTTUOSO,Camogli S.F.
S09825,CAMPAGNA SERRE PERSANO,Campagna S.P.
S07219,CAMPELLO,Campello
S06031,CAMPIGLIA MARITTIMA,Campiglia M.ma
S08706,CAMPO DI CARNE,Campo di Carne
S08903,CAMPO DI GIOVE,Campo di Giove
S08919,CAMPO DI GIOVE-MONTE MAIELLA,Campo G.-Monte M
S09626,CAMPO DI NUSCO,Campo di Nusco
S02007,CAMPO DI TRENS,Campo di Trens / Freienfeld
S09459,CAMPOBASSO,Campobasso
S12112,CAMPOBELLO DI MAZARA,Campobello di M.
S12385,CAMPOBELLO RAVANUSA,Campobello Rav.
S02527,CAMPODARSEGO,Campodarsego
S12017,CAMPOFELICE,Campofelice
S12211,CAMPOFRANCO,Campofranco
S09505,CAMPOLATTARO,Campolattaro
S08602,CAMPOLEONE,Campoleone
S09462,CAMPOLIETO MONACILIONI,Campolieto M.
S04105,CAMPOLIGURE MASONE,Campoligure M.
S11454,CAMPOMAGGIORE,Campomaggiore
S11020,CAMPOMARINO,Campomarino
S12815,CAMPOMELA,Campomela
S06659,CAMPOMIGLIAIO,Campomigliaio
S11745,CAMPORA S.GIOV. SERRA AIELLO,Campora S.G.
S00889,CAMPORE,Campore
S06324,CAMPORGIANO,Camporgiano
S02525,CAMPOSAMPIERO,Camposampiero
S05314,CAMPOSANTO,Camposanto
S06921,CAMUCIA CORTONA,Camucia Cortona
S07232,CANCELLI DI FABRIANO,Cancelli di F.
S08735,CANCELLIERA,Cancelliera
S09213,CANCELLO,Cancello
S09002,CANCELLO ARNONE,Cancello Arnone
S11204,CANDELA,Candela
S00071,CANDELO,Candelo
S00157,CANDIA CANAVESE,Candia Canavese
S00333,CANDIA LOMELLINA,Candia Lomellina
S11105,CANDIDA,Candida
S00512,CANDIOLO,Candiolo
S01011,CANDOGLIA ORNAVASSO,Candoglia Ornav.
S01034,CANEGRATE,Canegrate
S00832,CANELLI,Canelli
S07429,CANETRA,Canetra
S12375,CANICATTI`,CANICATTI'
S12812,CANIGA,Caniga
S08812,CANISTRO,Canistro
S07009,CANNARA,Cannara
S11406,CANNE DELLA BATTAGLIA,Canne d.Battag.
S01848,CANNETO SULL`OGLIO,Canneto s/Oglio
S11402,CANOSA DI PUGLIA,Canosa di Puglia
S09451,CANTALUPO DEL SANNIO,Cantalupo del S.
S01451,CANTU`,Cantu'
S01313,CANTU`- CERMENATE,Cantu'-Cermenate
S01099,CANZO,Canzo
S01970,CAORSO,Caorso
S11702,CAPACCIO ROCCADASPIDE,Capaccio
S12145,CAPACI,Capaci
S08006,CAPALBIO,Capalbio
S08672,CAPANNELLE,Capannelle
S08850,CAPISTRELLO,Capistrello
S11734,CAPO BONIFATI,Capo Bonifati
S12030,CAPO D`ORLANDO-NASO,Capo d'Orlando
S11858,CAPO SPARTIVENTO,Capo Spartivento
S08804,CAPOCROCE,Capocroce
S07215,CAPODACQUA PIEVE FANONICA,Capodacqua P.F.
S06083,CAPOLONA,Capolona
S08525,CAPPELLE-MAGLIANO,Cappelle-Magl.
S01603,CAPRALBA,Capralba
S08311,CAPRANICA,Capranica
S08110,CAPRAROLA,Caprarola
S09061,CAPRIATI AL VOLTURNO,Capriati al V.
S01622,CAPRIOLO,Capriolo
S03301,CAPRIVA,Capriva
S09208,CAPUA,Capua
S01486,CARATE-CALO`,Carate-Calo'
S01602,CARAVAGGIO,Caravaggio
S05120,CARBONA,Carbona
S04300,CARBONARA SCRIVIA,Carbonara Scriv.
S12818,CARBONIA SERBARIU,Carbonia Serb.
S12972,CARBONIA STATO,Carbonia S.
S12140,CARDILLO ZEN,Cardillo Z.E.N.
S00839,CARENTINO,Carentino
S11818,CARIATI,Cariati
S01315,CARIMATE,Carimate
S12127,CARINI,Carini
S12799,CARINI TORRE CIACHEA,Carini Torre C.
S00055,CARISIO,Carisio
S00601,CARMAGNOLA,Carmagnola
S02532,CARMIGNANO DI BRENTA,Carmignano di Br
S01511,CARNATE USMATE,Carnate Usmate
S03016,CARNIA,Carnia
S12025,CARONIA,Caronia
S01076,CARONNO PERTUSELLA,Caronno Pertus.
S11133,CAROVIGNO,Carovigno
S08914,CAROVILLI-ROCCASICURA,Carovilli-Roccas
S02502,CARPANE`VALSTAGNA,Carpane'Valstag.
S02349,CARPI,Carpi
S00971,CARPIGNANO SESIA,Carpignano
S09050,CARPINONE,Carpinone
S06005,CARRARA AVENZA,Carrara Avenza
S08533,CARRITO-ORTONA,Carrito-Ortona
S12326,CARRUBA,Carruba
S00738,CARRU` CLAVESANA,Carru' Clavesana
S08519,CARSOLI,Carsoli
S01091,CARUGO - GIUSSANO,Carugo-Giussano
S08730,CASABIANCA,Casabianca
S09465,CASACALENDA GUARDIALFIERA,Casacalenda G.
S11309,CASAL SABINI,Casal Sabini
S07821,CASALBORDINO POLLUTRI,Casalbordino P.
S09910,CASALBUONO,Casalbuono
S01609,CASALBUTTANO,Casalbuttano
S00314,CASALE MONFERRATO,Casale Monferr.
S00179,CASALE POPOLO,Casale Popolo
S05101,CASALECCHIO DI RENO,Casalecchio R.
S05111,CASALECCHIO GARIBALDI,Casalecchio G.
S05968,CASALECCHIO PALASPORT,Cas.port
S00972,CASALEGGIO,Casaleggio
S09922,CASALETTO,Casaletto
S01604,CASALETTO VAPRIO,Casaletto Vaprio
S05982,CASALGRANDE,CASALGRANDE
S01850,CASALMAGGIORE,Casalmaggiore
S09216,CASALNUOVO,Casalnuovo
S01827,CASALPUSTERLENGO,Casalpusterlengo
S02059,CASANOVA KAISERAU,Casanova Kais.
S02830,CASARSA,Casarsa
S06505,CASCINA,Cascina
S00087,CASELLE,Caselle
S00088,CASELLE AEROPORTO,Caselle Aeropor.
S09211,CASERTA,Caserta
S05184,CASINALBO,Casinal.
S06751,CASINO DI TERRA,Casino di Terra
S01457,CASLETTO-ROGENO,Casletto-Rogeno
S01098,CASLINO D'ERBA,Caslino D'erba
S07991,CASOLI,Casoli
S01029,CASORATE SEMPIONE,Casorate Semp.
S09009,CASORIA,Casoria
S01490,CASSAGO-NIBIONNO-BULCIAGO,Cassago-N.-B.
S11900,CASSANO ALL`IONIO,Cassano
S01707,CASSANO D`ADDA,Cassano d'Adda
S09611,CASSANO IRPINO,Cassano Irpino
S00864,CASSINE,Cassine
S08671,CASSINO,Cassino
S02506,CASSOLA,Cassola
S02368,CASTAGNARO,Castagnaro
S06029,CASTAGNETO CARDUCCI,Castagneto C.
S05122,CASTAGNO,Castagno
S00828,CASTAGNOLE DELLE LANZE,Castagnole
S01942,CASTEGGIO,Casteggio
S08114,CASTEL BAGNOLO DI ORTE,Castel Bagnolo
S08910,CASTEL DI SANGRO,Castel di Sangro
S02382,CASTEL D`ARIO,Castel d'Ario
S07987,CASTEL FRENTANO,Castel Frentano
S08703,CASTEL GANDOLFO,Castel Gandolfo
S11212,CASTEL LAGOPESOLE,Castel Lagopes.
S08510,CASTEL MADAMA,Castel Madama
S07407,CASTEL S.ANGELO,Castel S.Angelo
S09704,CASTEL S.GIORGIO ROCCAPIEMONTE,Castel S.Giorgio
S01948,CASTEL S.GIOVANNI,Castel S.Giovan.
S05053,CASTEL S.PIETRO TERME,Castel S.P.
S02208,CASTELBELLO,Castelbello
S05056,CASTELBOLOGNESE,Castelbolognese
S12020,CASTELBUONO,Castelbuono
S12010,CASTELDACCIA,Casteldaccia
S02105,CASTELDARNE,Casteldarne / Ehrenburg
S05102,CASTELDEBOLE,Casteldebole
S07200,CASTELFERRETTI,Castelferretti
S06802,CASTELFIORENTINO,Castelfiorentino
S09609,CASTELFRANCI,Castelfranci
S05037,CASTELFRANCO D'EMILIA,C.Franco Emilia
S09323,CASTELFRANCO IN MISCANO,Castelfranco M.
S02537,CASTELFRANCO VENETO,Castelfranco V.
S05012,CASTELGUELFO,Castelguelfo
S07901,CASTELLALTO CANZANO,Castellalto C.
S12120,CASTELLAMMARE DEL GOLFO,Castellammare G.
S09756,CASTELLAMMARE DI STABIA,Cast.re di Stab.
S11507,CASTELLANETA,Castellaneta
S11463,CASTELLANETA MARINA,Castellaneta M.
S01136,CASTELLANZA,Castellanza
S04000,CASTELLAZZO CASALCERMELLI,Castellazzo C.
S01606,CASTELLEONE,Castelleone
S00720,CASTELLETTO BUSCA,Castellet. Busca
S01123,CASTELLETTO TICINO,Castelletto Tic.
S06808,CASTELLINA CH,Castellina Ch.
S06024,CASTELLINA MARITTIMA,Castellina Marit
S00741,CASTELLINO TANARO,Castellino T.
S02507,CASTELLO DI GODEGO,Castello Godego
S00465,CASTELLO D`ANNONE,Castel.d'Annone
S01923,CASTELLUCCHIO,Castellucchio
S09920,CASTELLUCCIO,Castelluccio
S00343,CASTELL`ALFERO,Castell'Alfero
S05724,CASTELMAGGIORE,Castelmaggiore
S02093,CASTELNUOVO,Castelnuovo D.G.
S00836,CASTELNUOVO BELBO,Castelnuovo B.
S06812,CASTELNUOVO BERARDENGA,Castelnuovo Ber.
S06300,CASTELNUOVO DI GARFAGNANA,Castelnuovo Gar.
S07204,CASTELPLANIO CUPRAMONTANA,Castelplanio C.
S07302,CASTELRAIMONDO CAMERINO,Castelraimondo
S00233,CASTELROSSO,Castelrosso
S04001,CASTELSPINA PORTANOVA,Castelspina P.
S06302,CASTELVECCHIO PASCOLI,Castelvecchio P.
S09608,CASTELVETERE,Castelvetere
S12113,CASTELVETRANO,Castelvetrano
S01960,CASTELVETRO,Castelvetro
S05995,CASTENASO,Casten.
S05994,CASTENASO STELLINA,Cast.St.
S06923,CASTIGLION DEL LAGO,Castigl.del Lago
S06920,CASTIGLION FIORENTINO,Castigl.Fiorent.
S06729,CASTIGLIONCELLO,Castiglioncello
S11909,CASTIGLIONE COSENTINO,Castiglione C.
S12362,CASTIGLIONE DI SICILIA,Castiglione di S
S08205,CASTIGLIONE IN TEVERINA,Castiglione in T
S01429,CASTIONE ANDEVENNO,Castione A.
S01964,CASTIONE DEI MARCHESI,Castione d.March
S08663,CASTRO-POFI,Castro-Pofi
S01208,CASTRONNO,Castronno
S12337,CATANIA ACQUICELLA,Catania Acq.lla
S12336,CATANIA AER. FONTANAROSSA,CataniaAeroporto
S12332,CATANIA CENTRALE,Catania Centrale
S12335,CATANIA EUROPA,Catania Europa
S12333,CATANIA OGNINA,Catania Ognina
S11956,CATANZARO,Catanzaro
S11833,CATANZARO LIDO,Catanzaro Lido
S12244,CATENANUOVA,Catenanuova
S07102,CATTOLICA S.GIOVANNI GABICCE,Cattolica S.G.G.
S11846,CAULONIA,Caulonia
S00279,CAVA CARBONARA,Cava Carbonara
S09816,CAVA DEI TIRRENI,Cava Dei Tirreni
S01804,CAVA MANARA,Cava Manara
S01914,CAVA TIGOZZI,Cava Tigozzi
S00423,CAVAGNOLO BRUSASCO,Cavagnolo Brus.
S09113,CAVALLEGGERI AOSTA,Cavalleggeri A.
S00603,CAVALLERMAGGIORE,Cavallermaggiore
S05425,CAVANELLA D`ADIGE,Cavan.Adige
S05422,CAVANELLA PO,Cavanella Po
S01210,CAVARIA OGGIONA JERAGO,Cavaria Oggiona
S02147,CAVAZZALE,Cavazzale
S04724,CAVI,Cavi
S05932,CAVRIAGO,Cavriago
S05931,CAVRIAGO S.NICOLO',Cavr. S.N.
S06044,CA` DI BOSCHETTI,Ca'di Boschetti
S08664,CECCANO,Ceccano
S08732,CECCHINA,Cecchina
S06026,CECINA,Cecina
S12019,CEFALU`,Cefalu'
S02665,CEGGIA,Ceggia
S08528,CELANO-OVINDOLI,Celano-Ovindoli
S04530,CELLE,Celle
S11716,CELLE BULGHERIA ROCCAGLORIOSA,Celle Bulgheria
S00745,CENGIO,Cengio
S00608,CENTALLO,Centallo
S11715,CENTOLA,Centola
S08666,CEPRANO-FALVATERRA,Ceprano-Falvater
S78500,CERBERE,Cerbere
S00541,CERCENASCO,Cercenasco
S08530,CERCHIO,Cerchio
S06956,CERCINA,Cercina
S12200,CERDA,Cerda
S02364,CEREA,Cerea
S05417,CEREGNANO,Ceregnano
S04517,CERIALE,Ceriale
S11103,CERIGNOLA,Cerignola
S01934,CERLANO LAGHETTO,Cerlano Laghetto
S01513,CERNUSCO-MERATE,Cernusco-Merate
S07300,CERRETO D`ESI,Cerreto d'Esi
S06803,CERTALDO,Certaldo
S01803,CERTOSA DI PAVIA,Certosa di Pavia
S11200,CERVARO,Cervaro
S05814,CERVIA-MILANO MARITTIMA,Cervia M.M.
S03207,CERVIGNANO A.G.,Cervignano A.G.
S00546,CERVIGNASCO,Cervignasco
S09015,CERVINARA,Cervinara
S04512,CERVO SAN BARTOLOMEO,Cervo S.Bartol.
S01112,CESANO BOSCONE,Cesano Boscone
S08319,CESANO DI ROMA,Cesano
S01086,CESANO MADERNO,Cesano Maderno
S01075,CESATE,Cesate
S09473,CESE,Cese
S05066,CESENA,Cesena
S05815,CESENATICO,Cesenatico
S11735,CETRARO,Cetraro
S00742,CEVA,Ceva
S00141,CHAMBAVE,Chambave
S00142,CHATILLON SAINT VINCENT,Chatillon S.V.
S00733,CHERASCO,Cherasco
S09510,CHIANCHE CEPPALONI,Chianche Ceppal.
S07201,CHIARAVALLE,Chiaravalle
S01713,CHIARI,Chiari
S08007,CHIARONE,Chiarone
S01301,CHIASSO,Chiasso
S04722,CHIAVARI,Chiavari
S01400,CHIAVENNA,Chiavenna
S00500,CHIERI,Chieri
S07712,CHIETI,Chieti
S07025,CHIETI-MAD.D.P.,Chieti-M.d.P
S11021,CHIEUTI SERRACAPRIOLA,Chieuti Serrac.
S01868,CHIGNOLO PO,Chignolo Po
S05428,CHIOGGIA,Chioggia
S00206,CHIOMONTE,Chiomonte
S05983,CHIOZZA,CHIOZZA
S12899,CHIRIALZA,Chirialza
S01536,CHIUDUNO,Chiuduno
S01435,CHIURO,Chiuro
S02017,CHIUSA,Chiusa / Klausen
S00429,CHIUSANO COSSOMBRONE,Chiusano Cossom.
S06925,CHIUSI C.T.,Chiusi C.T.
S00232,CHIVASSO,Chivasso
S08650,CIAMPINO,Ciampino
S05921,CIANO D'ENZA,CIANO
S05922,CIANO VIA TEDALDO DA CANOSSA,Ciano T.C.
S02209,CIARDES,Ciardes
S12126,CINISI TERRASINI,Cinisi Terrasini
S00090,CIRE',Cirè
S11730,CIRELLA MAJERA`,Cirella
S11820,CIRO',Cirò
S01525,CISANO CAPRINO BERGAMASCO,Cisano Capr.B.
S02500,CISMON DEL GRAPPA,Cismon d.Grappa
S08603,CISTERNA DI LATINA,Cisterna di Lat.
S11131,CISTERNINO,Cisternino
S06154,CITERNA TARO,Citerna Taro
S02535,CITTADELLA,Cittadella
S07406,CITTADUCALE,Cittaducale
S08200,CITTA` DELLA PIEVE,CITTA' D. PIEVE
S01462,CIVATE,Civate
S03056,CIVIDALE,CIVIDALE
S08211,CIVITA CASTELLANA,Civita Castel.
S08853,CIVITA D`ANTINO-MORINO,Civita d'Antino
S07506,CIVITANOVA MARCHE,Civitanova
S08010,CIVITAVECCHIA,Civitavecchia
S08012,CIVITAVECCHIA M.MA,Civitavecchia M.
S08024,CIVITAVECCHIA VIALE DELLA VITTORIA,C.Vecchia V.Vitt
S06066,CIVITELLA - BADIA AL PINO,Civitella-Badia
S06822,CIVITELLA PAGANICO,Civitella
S08852,CIVITELLA ROVETO,Civitella Roveto
S12970,CIXERRI,Cixerri
S05812,CLASSE,Classe
S01540,COCCAGLIO,Coccaglio
S00425,COCCONATO,Cocconato
S08534,COCULLO,Cocullo
S05933,CODEMONDO,Codemondo
S05799,CODIGORO,Codigoro
S05957,CODISOTTO,Codisott
S01828,CODOGNO,Codogno
S09703,CODOLA,Codola
S02831,CODROIPO,Codroipo
S04532,COGOLETO,Cogoleto
S02206,COLDRANO-MARTELLO,Coldrano-Martell
S08820,COLFELICE,Colfelice
S01420,COLICO,Colico
S08548,COLLARMELE,Collarmele
S02005,COLLE ISARCO,Colle Isarco / Gossensass
S08651,COLLE MATTIA,Colle Mattia
S06840,COLLE VAL D`ELSA,COLLE V.D'ELSA
S06151,COLLECCHIO,Collecchio
S07994,COLLEDIMEZZO,Colledimezzo
S08657,COLLEFERRO-SEGNI-PALIANO,Colleferro
S00217,COLLEGNO,Collegno
S06018,COLLESALVETTI,Collesalvetti
S08221,COLLEVECCHIO,Collevecchio
S07024,COLLI DEL TRONTO,Colli del Tronto
S08520,COLLI DI MONTE BOVE,Colli di M. Bove
S01111,COLMEGNA,Colmegna
S01539,COLOGNE,Cologne
S08653,COLONNA GALLERIA,Colonna Gall.
S01852,COLORNO,Colorno
S00050,COMIGNAGO,Comignago
S12411,COMISO,Comiso
S01308,COMO CAMERLATA,Como Camerlata
S01307,COMO S. GIOVANNI,Como S.Giovanni
S06902,COMPIOBBI,Compiobbi
S08816,COMPRE S.VINCENZO,Compre S.Vinc.
S05169,CONA F. C.,Cona F. C.
S11861,CONDOFURI,Condofuri
S00212,CONDOVE,Condove
S02706,CONEGLIANO,Conegliano
S05999,CONSANDOLO,Consan.
S05950,CONSELICE,Conselice
S05004,CONSELICE ZONA INDUSTRIALE,Conselice Z.I.
S06702,CONTEA LONDA,Contea Londa
S12355,CONTESSE,Contesse
S07404,CONTIGLIANO,Contigliano
S09826,CONTURSI TERME,Contursi Terme
S09618,CONZA ANDRETTA CAIRANO,Conza Andretta
S01041,CORBETTA S. STEFANO,Corbetta S.Stef.
S05115,CORBEZZI,Corbezzi
S08112,CORCHIANO,Corchiano
S02661,CORDOVADO SESTO,Cordovado Sesto
S11812,CORIGLIANO CALABRO,Corigliano Cal.
S01080,CORMANO - BRUSUGLIO,Cormano-Brusugli
S03300,CORMONS,Cormons
S05925,CORNIANO,Corniano
S04734,CORNIGLIA,Corniglia
S03053,CORNINO,Cornino
S02569,CORNUDA,Cornuda
S05719,CORONELLA,Coronella
S07308,CORRIDONIA MOGLIANO,Corridonia M.
S09324,CORSANO,Corsano
S01064,CORSICO,Corsico
S01865,CORTEOLONA,Corteolona
S11910,COSENZA,Cosenza
S01424,COSIO TRAONA,Cosio Traona
S00973,COSSATO,Cossato
S02375,COSTA,Costa
S01491,COSTA MASNAGA,Costa Masnaga
S00348,COSTIGLIOLE (MOTTA DI),Costigliole
S00829,COSTIGLIOLE D`ASTI,Costigliole d'A.
S00702,COSTIGLIOLE SALUZZO,Costigliole Sal.
S05956,COTIGNOLA,Cotignola
S07432,COTILIA,Cotilia
S00888,COURGNE',Cuorgnè
S11151,COZZE,Cozze
S00332,COZZO,Cozzo
S01605,CREMA,Crema
S01915,CREMONA,Cremona
S00172,CRESCENTINO,Crescentino
S05973,CRESPELLANO,Crespel.
S06607,CRESPINO DEL LAMONE,Crespino d.Lam.
S00017,CRESSA FONTANETO,Cressa Fontaneto
S05316,CREVALCORE,Crevalcore
S07988,CROCETTA,Crocetta
S08317,CROCICCHIE,Crocicchie
S11830,CROPANI,Cropani
S11823,CROTONE,Crotone
S11819,CRUCOLI,Crucoli
S01312,CUCCIAGO,Cucciago
S00610,CUNEO,Cuneo
S00611,CUNEO GESSO,Cuneo Gesso
S00427,CUNICO SCANDELUZZA,Cunico Scandel.
S08810,CUPONE,Cupone
S07511,CUPRAMARITTIMA,Cupramarittima
S00051,CUREGGIO,Cureggio
S11972,CURINGA,Curinga
S02700,CUSANO,Cusano
S11826,CUTRO,Cutro
S01010,CUZZAGO,Cuzzago
S01798,Cesano M(NS),Ces.MaNS
S01006,DARFO-CORNA,Darfo-Corna
S12888,DECIMOMANNU,Decimomannu
S00877,DEGO,Dego
S04728,DEIVA MARINA,Deiva Marina
S01422,DELEBIO,Delebio
S00162,DERBY,Derby
S01408,DERVIO,Dervio
S02084,DESENZANO,Desenzano
S01320,DESIO,Desio
S06097,DEV. INT. LL/DD CITTA' DELLA PIEVE,Dev.Int.LL/DDcpv
S11731,DIAMANTE BUONVICINO,Diamante
S04524,DIANO,Diano
S06701,DICOMANO,Dicomano
S06310,DIECIMO - PESCAGLIA,Diecimo-Pescagl.
S05981,DINAZZANO,DINAZZANO
S12240,DITTAINO,Dittaino
S44200,DIVACA,Divaca
S02113,DOBBIACO,Dobbiaco / Toblach
S05174,DOGATO,Dogato
S71341,DOLE VILLE,Dole Ville
S02587,DOLO,Dolo
S02055,DOMEGLIARA,Domegliara
S01003,DOMODOSSOLA,Domodossola
S04202,DONNA,Donna
S12412,DONNAFUGATA,Donnafugata
S00148,DONNAZ,Donnaz
S01407,DORIO,Dorio
S01025,DORMELLETTO,Dormelletto
S00980,DORMELLETTO PAESE,Dormelletto P.
S02330,DOSSOBUONO,Dossobuono
S09021,DRAGONI,Dragoni
S00722,DRONERO,Dronero
S01405,DUBINO,Dubino
S02146,DUEVILLE,Dueville
S72517,DUGO SELO,Dugo Selo
S09819,DUOMO VIA VERNIERI,Duomo V.Vernieri
S08220,Dev.Int. DD/AV,D.I.DDAV
S09824,EBOLI,Eboli
S00926,ECA NASAGO`,Eca Nasago'
S11788,ECCELLENTE,Eccellente
S02032,EGNA-TERMENO,Egna-Termeno / Neumarkt-Tramin
S11154,EGNAZIA,Egnazia
S07003,ELLERA CORCIANO,Ellera Corciano
S12819,ELMAS AEROPORTO,Elmas Aeroporto
S06510,EMPOLI,Empoli
S12856,ENAS,Enas
S12238,ENNA,Enna
S11041,ENZITETO/CATINO,Enziteto
S06226,EQUI TERME,Equi Terme
S01096,ERBA,Erba
S02396,ESTE,Este
S00251,EXILLES,Exilles
S07208,FABRIANO,Fabriano
S07059,FABRIANO CA` MAIANO,Fabriano Ca' M.
S08111,FABRICA DI ROMA,Fabrica di Roma
S08201,FABRO-FICULLE,Fabro Ficulle
S05058,FAENZA,Faenza
S02557,FAE`FORTOGNA,Fae'Fortogna
S02762,FAGARE,Fagare
S07420,FAGNANO CAMPANA,Fagnano Campana
S09001,FALCIANO MONDRAGONE CAR.,Falciano Mond.
S12405,FALCONARA,Falconara
S12440,FALCONARA IBLEA,Falconara Iblea
S07111,FALCONARA MARITTIMA,Falconara M.
S07117,FALCONARA STADIO,Falconara Stadio
S12038,FALCONE,Falcone
S11747,FALERNA,Falerna
S03083,FANNA - CAVASSO,Fanna-Cavasso
S07105,FANO,Fano
S02575,FANZOLO,Fanzolo
S00112,FARA,Fara
S08214,FARA SABINA,Fara Sabina
S00737,FARIGLIANO,Farigliano
S11130,FASANO,Fasano
S06021,FAUGLIA - LORENZANA,Fauglia-Lorenz.
S11771,FAVAZZINA,Favazzina
S00885,FAVRIA,Favria
S12136,FEDERICO,Federico
S06103,FELEGARA - S.ANDREA BAGNI,Felegara S.A.B.
S00883,FELETTO,FELETTO
S00468,FELIZZANO,Felizzano
S05162,FELONICA PO,Felonica Po
S02564,FELTRE,Feltre
S08661,FERENTINO-SUPINO,Ferentino-Supino
S01138,FERNO LONATE POZZOLO,Ferno L. Pozzolo
S11952,FEROLETO ANTICA PIANOPOLI,Feroleto A.P.
S11458,FERRANDINA,Ferrandina
S04804,FERRANIA,Ferrania
S05712,FERRARA,Ferrara
S05167,FERRARA ALEOTTI,Ferrara Aleotti
S05196,FERRARA BOSCHETTO,Fer.Bos.
S05168,FERRARA P. RENO,Ferrara P. Reno
S05193,FERRARA-CONA OSPEDALE,Fer.C.O.
S00404,FERRERA LOMELLINA,Ferrera Lomell.
S11856,FERRUZZANO,Ferruzzano
S06901,FI ROVEZZANO,FI Rovezzano
S08235,FIDENE,Fidene
S05009,FIDENZA,Fidenza
S12137,FIERA,Fiera
S06953,FIESOLE CALDINE,Fiesole Caldine
S06908,FIGLINE VALDARNO,Figline Valdarno
S06165,FILATTIERA,Filattiera
S12277,FILDIDONNA,Fildidonna
S11211,FILIANO,Filiano
S04522,FINALE LIGURE MARINA,Finale Ligure M.
S05182,FIORANO,Fiorano
S05007,FIORENZUOLA,Fiorenzuola
S06900,FIRENZE CAMPO MARTE,Firenze C.Marte
S06419,FIRENZE CASTELLO,Firenze Castello
S06420,FIRENZE RIFREDI,Firenze Rifredi
S06421,FIRENZE S.M.N.,Firenze S.M.N.
S06430,FIRENZE STATUTO,Firenze Statuto
S09519,FISCIANO,Fisciano
S11741,FIUMEFREDDO BRUZIO,Fiumefreddo
S12322,FIUMEFREDDO DI SICILIA,Fiumefreddo di S
S01412,FIUMELATTE,Fiumelatte
S12015,FIUMETORTO,Fiumetorto
S08411,FIUMICINO AEROPORTO,Fiumicino Aerop.
S06223,FIVIZZANO - GASSANO,Fivizzano-Gass.
S06222,FIVIZZANO ROMETTA - SOLIERA,F.Rometta-Solie.
S11100,FOGGIA,Foggia
S06618,FOGNANO,Fognano
S07217,FOLIGNO,Foligno
S06033,FOLLONICA,Follonica
S08606,FONDI - SPERLONGA,Fondi-Sperlonga
S00621,FONTAN SAORGE,Fontan Saorge
S08818,FONTANA LIRI,Fontana Liri
S08819,FONTANA LIRI INFERIORE,Fontana Liri Inf
S02702,FONTANAFREDDA,Fontanafredda
S09199,FONTANAROSA,Fontanarosa
S00174,FONTANETTO PO,Fontanetto Po
S02534,FONTANIVA,Fontaniva
S06619,FONTEBUONA,Fontebuona
S07421,FONTECCHIO,Fontecchio
S03491,FONYOD,Fonyod
S11210,FORENZA,Forenza
S03054,FORGARIA BAGNI ANDUINS,Forgaria B.A.
S05065,FORLIMPOPOLI,Forlimpopoli B.
S05059,FORLI`,Forli'
S08640,FORMIA-GAETA,Formia-Gaeta
S05183,FORMIGINE,Formig.
S06304,FORNACI DI BARGA,Fornaci di Barga
S06153,FORNOVO,Fornovo
S06011,FORTE DEI MARMI SERRAVEZZA Q.,Forte Dei Marmi
S02011,FORTEZZA,Fortezza / Franzensfeste
S06301,FOSCIANDORA - CESERANA,Fosciandora-Ces.
S07819,FOSSACESIA,Fossacesia
S07018,FOSSACESIA - TORINO DI SANGRO,Fossacesia/T.S.
S02667,FOSSALTA DI PIAVE,Fossalta Piave
S03201,FOSSALTA DI PORTOGRUARO,Fossalta di P.
S00606,FOSSANO,Fossano
S07209,FOSSATO DI VICO GUBBIO,Fossato di V.G.
S09506,FRAGNETO MONFORTE,Fragneto Monf.
S04729,FRAMURA,Framura
S12361,FRANCAVILLA,Francavilla
S07813,FRANCAVILLA AL MARE,Francavilla M.
S11752,FRANCAVILLA ANGITOLA F.,Francavilla A.F.
S11603,FRANCAVILLA FONTANA,Francavilla Font
S12139,FRANCIA,Francia
S09842,FRANCIOSA,Franciosa
S08751,FRASCATI,Frascati
S08806,FRASSO,Frasso
S09305,FRASSO T. DUGENTA,Frasso Dugenta
S02374,FRATTA,Fratta
S09008,FRATTAMAGGIORE,Frattamaggiore
S11053,FRATTAROLO,Frattarolo
S09522,FRATTE,Fratte
S02524,FRATTE CENTRO,Fratte Centro
S09524,FRATTE VILLA COMUNALE,Fratte-Villa Com
S08662,FROSINONE,Frosinone
S04200,FRUGAROLO BOSCOMARENGO,Frugarolo B.
S07478,FRUTIGEN,Frutigen
S05726,FUNO CENTERGROSS,Funo Centergross
S12313,FURCI,Furci
S11738,FUSCALDO,Fuscaldo
S11871,GABELLA GRANDE,Gabella Grande
S12358,GAGGI,Gaggi
S01063,GAGGIANO,Gaggiano
S02671,GAGGIO,Gaggio
S07311,GAGLIOLE,Gagliole
S05800,GAIBANELLA,Gaibanella
S07212,GAIFANA,Gaifana
S12305,GALATI,Galati
S09900,GALDO,Galdo
S01030,GALLARATE,Gallarate
S08113,GALLESE BASSANELLO,Gallese Bassanel
S08210,GALLESE IN TEVERINA,Gallese
S05721,GALLIERA,Galliera
S02541,GALLIERA VENETA TOMBOLO,Galliera Ven.Tom
S00861,GAMALERO,Gamalero
S07997,GAMBERALE-S.ANGELO P.,Gamberale-S.A.
S05067,GAMBETTOLA,Gambettola
S00274,GAMBOLO`REMONDO`,Gambolo'Remondo'
S00030,GARBAGNA,Garbagna
S00924,GARESSIO,Garessio
S02218,GARGAZZONE,Gargazzone / Garganzon
S00276,GARLASCO,Garlasco
S05816,GATTEO A MARE,Gatteo a Mare
S00052,GATTINARA,Gattinara
S08241,GAVIGNANO,Gavignano
S06036,GAVORRANO,Gavorrano
S01207,GAZZADA SCHIANNO MORAZZONE,Gazzada Schian.M
S02381,GAZZO DI BIGARELLO,Gazzo di Bigarel
S01917,GAZZO PIEVE S. GIACOMO,Gazzo Pieve S.G.
S12407,GELA,Gela
S08326,GEMELLI,Gemelli
S03019,GEMONA DEL FRIULI,Gemona del Fr.
S07206,GENGA S.VITTORE TERME,Genga S.V.T.
S04107,GENOVA ACQUASANTA,GE Acquasanta
S04218,GENOVA BOLZANETO,Genova Bolzaneto
S04109,GENOVA BORZOLI,Genova Borzoli
S04702,GENOVA BRIGNOLE,Genova Brignole
S04538,GENOVA CORNIGLIANO,GE Cornigliano
S04110,GENOVA COSTA DI SESTRI PONENTE,GE Costa Sestri
S04108,GENOVA GRANARA,Genova Granara
S04603,GENOVA MARITTIMA S. LIMBANIA,GE M. S.Limbania
S04707,GENOVA NERVI,Genova Nervi
S04701,GENOVA P. PRINCIPE SOTTERRANEA,Genova P.P.Sott.
S04700,GENOVA P.PRINCIPE,Genova P.Princ.
S04536,GENOVA PEGLI,Genova Pegli
S04217,GENOVA PONTEDECIMO,GE Pontedecimo
S04535,GENOVA PRA,Genova Pra
S04704,GENOVA QUARTO DEI MILLE,Genova Quarto
S04705,GENOVA QUINTO AL MARE,Genova Quinto
S04219,GENOVA RIVAROLO,Genova Rivarolo
S04222,GENOVA S.BIAGIO,Genova S.Biagio
S04220,GENOVA SAMPIERDARENA,GE Sampierdarena
S04213,GENOVA SAN QUIRICO,GE S.Quirico
S04537,GENOVA SESTRI PONENTE,Genova Sestri P.
S04703,GENOVA STURLA,Genova Sturla
S04540,GENOVA VESIMA,Genova Vesima
S04223,GENOVA VIA DI FRANCIA,GE Via Francia
S04534,GENOVA VOLTRI,Genova Voltri
S04541,GENOVA VOLTRI MARE,GE Voltri Mare
S00096,GERMAGNANO,Germagnano
S01841,GHEDI,Ghedi
S00110,GHEMME,Ghemme
S00974,GHISLARENGO,Ghislarengo
S06306,GHIVIZZANO - COREGLIA,Ghivizzano-Cor.
S12138,GIACHERY,Giachery
S12308,GIAMPILIERI,Giampilieri
S00316,GIAROLE,Giarole
S12324,GIARRE RIPOSTO,Giarre Riposto
S12866,GIAVE,Giave
S11462,GINOSA,Ginosa
S11505,GIOIA DEL COLLE,Gioia del Colle
S11766,GIOIA TAURO,Gioia Tauro
S11848,GIOIOSA JONICA,Gioiosa Jonica
S12033,GIOJOSA MAREA,Giojosa Marea
S06084,GIOVI,Giovi
S11115,GIOVINAZZO,Giovinazzo
S00850,GIUBIASCO,Giubiasco
S09100,GIUGLIANO QUALIANO,Giugliano Qual.
S07802,GIULIANOVA,Giulianova
S07225,GIUNCANO,Giuncano
S06037,GIUNCARICO,Giuncarico
S11748,GIZZERIA LIDO,Gizzeria Lido
S05809,GLORIE,Glorie
S05904,GODO,Godo
S12366,GOLE DI ALCANTARA,Gole Alcantara
S12852,GOLFO ARANCI,Golfo Aranci
S02344,GONZAGA-REGGIOLO,Gonzaga-Reggiolo
S07474,GOPPESTEIN,Goppestein
S02766,GORGO AL MONTICANO,Gorgo Montic.
S08535,GORIANO SICOLI,Goriano Sicoli
S03304,GORIZIA CENTRALE,Gorizia Centrale
S00015,GOZZANO,Gozzano
S09758,GRAGNANO,Gragnano
S06224,GRAGNOLA,Gragnola
S12272,GRAMMICHELE,Grammichele
S06801,GRANAIOLO,Granaiolo
S05955,GRANAROLO,Granarolo
S12359,GRANITI,Graniti
S11456,GRASSANO,Grassano
S00007,GRAVELLONA TOCE,Gravellona Toce
S11306,GRAVINA IN PUGLIA,Gravina in P.
S07403,GRECCIO,Greccio
S09300,GRICIGNANO,Gricignano
S03315,GRIGNANO,Grignano
S00106,GRIGNASCO,Grignasco
S02317,GRIGNO,Grigno
S02579,GRISIGNANO DI ZOCCO,Grisignano Z.
S11729,GRISOLIA S.MARIA,Grisolia
S05133,GRIZZANA,Grizzana
S01927,GROANE,Groane
S00277,GROPELLO CAIROLI,Gropello Cairoli
S06039,GROSSETO,Grosseto
S11602,GROTTAGLIE,Grottaglie
S07512,GROTTAMMARE,Grottammare
S12372,GROTTE,Grotte
S08301,GROTTE S.STEFANO,Grotte S.Stefano
S00059,GRUGLIASCO,Gruglia.
S01537,GRUMELLO DEL MONTE,Grumello D.M.
S11502,GRUMO APPULA,Grumo Appula
S12144,GUADAGNA,Guadagna
S07211,GUALDO TADINO,Gualdo T.
S05961,GUALTIERI,Gualtieri
S05998,GUARDA,Guarda
S11843,GUARDAVALLE,Guardavalle
S12327,GUARDIA MANGANO SANTA VENERINA,Guardia Mangano
S11737,GUARDIA PIEMONTESE TERME,Guardia P.T.
S09456,GUARDIAREGIA,Guardiaregia
S05960,GUASTALLA,Guastall
S08506,GUIDONIA-MONTECELIO-S.ANGELO,Guidonia-M.-S.A.
S00125,GYEKENYES,Gyekenyes
S00147,HONE BARD,Hone Bard
S29399,HORB,Horb
S05818,IGEA MARINA,Igea Marina
S12950,IGLESIAS,Iglesias
S06958,IL CIONFO,Il Cionfo
S06957,IL CIONFO BIN. LE CURE,Cionfo Binlecure
S06951,IL CIONFO BIN. SALVIATI,Cionfo Bin.Salvi
S06424,IL NETO,Il Neto
S05054,IMOLA,Imola
S04523,IMPERIA,Imperia
S06907,INCISA,Incisa
S00835,INCISA SCAPACCINO,Incisa Scapacc.
S11101,INCORONATA,Incoronata
S06914,INDICATORE,Indicatore
S01204,INDUNO OLONA,Induno Olona
S01093,INVERIGO,Inverigo
S08330,IPOGEO DEGLI OTTAVI,Ipogeo d.Ottavi
S01952,ISELLE DI TRASQUERA,Iselle Trasquera
S09053,ISERNIA,Isernia
S11825,ISOLA CAPO RIZZUTO,Isola Capo Rizz.
S04210,ISOLA DEL CANTONE,Isola del Cant.
S05307,ISOLA DELLA SCALA,Isola d. Scala
S12129,ISOLA DELLE FEMMINE,Isola d.Femmine
S00347,ISOLA D`ASTI,Isola d'Asti
S08858,ISOLA LIRI,Isola Liri
S08665,ISOLETTA-S.GIOVANNI I.,Isoletta-S.G.I.
S12421,ISPICA,Ispica
S01121,ISPRA,Ispra
S02539,ISTRANA,Istrana
S08607,ITRI,Itri
S00154,IVREA,Ivrea
S01176,JENBACH,Jenbach
S07202,JESI,Jesi
S11763,JOPPOLO,Joppolo
S07475,KANDERSTEG,Kandersteg
S01800,KARLSRUHE HBF,Karlsruhe Hbf
S03612,KNITTEFELD,Knittefeld
S02100,KOELN HBF,Koeln Hbf
S73107,KRIZEVCI,Krizevci
S00634,LA BRIGUE,La Brigue
S08808,LA FIORA,La Fiora
S08321,LA GIUSTINIANA,La Giustiniana
S08514,LA RUSTICA UIR,La Rustica UIR
S00132,LA SALLE,La Salle
S06000,LA SPEZIA CENTRALE,La Spezia C.le
S06004,LA SPEZIA MIGLIARINA,La Spezia Migl.
S08320,LA STORTA,La Storta
S08654,LABICO,Labico
S07427,LABRO MOGGIO,Labro Moggio
S02207,LACES,Laces
S08021,LADISPOLI-CERVETERI,Ladispoli-Cervet
S09911,LAGONEGRO,Lagonegro
S04514,LAIGUEGLIA,Laigueglia
S02029,LAIVES,Laives / Leifers
S05418,LAMA,Lama
S05121,LAMA DI RENO,Lama di Reno
S01869,LAMBRINIA,Lambrinia
S01094,LAMBRUGO - LURAGO D'ERBA,Lambrugo-Lurago
S17014,LAMEZIA TERME AEROPORTO,LAMEZIA T. A.
S11749,LAMEZIA TERME CENTRALE,Lamezia T. C.le
S11951,LAMEZIA TERME NICASTRO,L.Terme Nicastro
S11950,LAMEZIA TERME SAMBIASE,L.Terme Sambiase
S02219,LANA-POSTAL,Lana-Postal / Lana-Burgstall
S02710,LANCENIGO,Lancenigo
S07986,LANCIANO,Lanciano
S08733,LANUVIO,Lanuvio
S09707,LANZARA FIMIANI,Lanzara Fimiani
S00095,LANZO,Lanzo
S09604,LAPIO,Lapio
S09466,LARINO,Larino
S02204,LASA,Lasa
S12018,LASCARI,Lascari
S12070,LASCARI,Lascari
S06001,LASTRA A SIGNA,Lastra a Signa
S06912,LATERINA,Laterina
S11606,LATIANO,Latiano
S08608,LATINA,Latina
S03202,LATISANA LIGNANO B.,Latisana L.B.
S00421,LAURIANO,Lauriano
S04723,LAVAGNA,Lavagna
S01118,LAVENO MOMBELLO,Laveno Mombello
S05806,LAVEZZOLA,Lavezzola
S05041,LAVINO,Lavino
S02037,LAVIS,Lavis
S09708,LAVORATE,Lavorate
S02009,LE CAVE,Le Cave
S06516,LE PIAGGE,Le Piagge
S11145,LECCE,Lecce
S01520,LECCO,Lecco
S01522,LECCO MAGGIANICO,Lecco Maggianico
S01120,LEGGIUNO MONVALLE,Leggiuno Monval.
S02366,LEGNAGO,Legnago
S01033,LEGNANO,Legnano
S02373,LENDINARA,Lendinara
S12341,LENTINI,Lentini
S12340,LENTINI DIRAMAZIONE,Lentini diramaz.
S11219,LEONESSA,Leonessa
S12239,LEONFORTE-PIRATO,Leonforte-Pirato
S12205,LERCARA BASSA,Lercara Bassa
S02578,LERINO,Lerino
S01018,LESA,Lesa
S00954,LESEGNO,Lesegno
S01501,LESMO,Lesmo
S12316,LETOJANNI,Letojanni
S02568,LEVADA,Levada
S04731,LEVANTO,Levanto
S02019,LEVATA,Levata
S02309,LEVICO,Levico
S12400,LICATA,Licata
S05813,LIDO DI CLASSE-LIDO DI SAVIO,Lido Clas./Savio
S08708,LIDO DI LAVINIO,Lido di Lavinio
S01413,LIERNA,Lierna
S00617,LIMONE,Limone
S09616,LIONI,Lioni
S09628,LIONI VALLE DELLE VITI,L.Valle d.Viti
S11124,LISIDE,Liside
S02530,LISIERA,Lisiera
S02663,LISON,Lison
S01321,LISSONE-MUGGIO`,Lissone-Muggio'
S06725,LIVORNO CENTRALE,Livorno C.le
S00237,LIVORNO FERRARIS,Livorno Ferraris
S04519,LOANO,Loano
S01801,LOCATE TRIULZI,Locate Triulzi
S11851,LOCRI,Locri
S01825,LODI,Lodi
S12143,LOLLI,Lolli
S00405,LOMELLO,Lomello
S02083,LONATO,Lonato
S02556,LONGARONE ZOLDO,Longarone Zoldo
S11742,LONGOBARDI,Longobardi
S02441,LONIGO,Lonigo
S05423,LOREO,Loreo
S07503,LORETO,Loreto
S06404,LUCCA,Lucca
S06069,LUCIGNANO - MARCIANO - POZZO,Lucignano-Mar.-P
S05951,LUGO,Lugo
S01113,LUINO,Luino
S03125,LUMIGNACCO,Lumignacco
S01806,LUNGAVILLA,Lungavilla
S08503,LUNGHEZZA,Lunghezza
S06003,LUNI,Luni
S09606,LUOGOSANO,Luogosano
S00523,LUSERNA S. GIOVANNI,Luserna S.Giov.
S05958,LUZZARA,Luzzara
S76290,LYON ST EXUPERY,Lyon St. Exupery
S07414,L`AQUILA,L'Aquila
S13653,MACCAGNO,Maccagno
S08020,MACCARESE,Maccarese
S07307,MACERATA,Macerata
S07313,MACERATA FONTESCODELLA,Macerata Fontesc
S07314,MACERATA UNIVERSITA',Macerata Univers
S01500,MACHERIO SOVICO,Macherio Sovico
S01484,MACHERIO-CANONICA,Macherio-C.
S12869,MACOMER,Macomer
S00607,MADDALENE,Maddalene
S09212,MADDALONI INFERIORE,Maddaloni Inf.
S09303,MADDALONI SUPERIORE,Maddaloni Super.
S01610,MADIGNANO,Madignano
S08108,MADONNA DEL PIANO,Madonna del Pian
S00820,MADONNA DEL PILONE,Madonna del P.
S00501,MADONNA DELLA SCALA,Madonna d. Scala
S09773,MADONNA DELLE GRAZIE,Madonna d.Grazie
S00083,MADONNA DI CAMPAGNA,Madonna di Camp.
S12853,MADONNA DI CASTRO,Madonna di Castr
S02512,MAERNE DI MARTELLAGO,Maerne di Mart.
S01040,MAGENTA,Magenta
S07002,MAGIONE,Magione
S08404,MAGLIANA,Magliana
S00951,MAGLIANO CRAVA MOROZZO,Magliano C.M.
S11042,MAGNA GRECIA,Magna Grecia
S05159,MAGNACAVALLO,Magnacavallo
S02033,MAGRE`- CORTACCIA,Magre'-Cortaccia / Magreid-Kurtatsch
S03051,MAJANO,Majano
S01910,MALEO,Maleo
S02200,MALLES VENOSTA,Malles Venosta
S01139,MALPENSA AEROPORTO T1,MALP AT1
S01146,MALPENSA AEROPORTO T2,MALP AT2
S07555,MALTIGNANO DEL TRONTO,Maltignano T.
S04735,MANAROLA,Manarola
S11817,MANDATORICCIO CAMPANA,Mandatoriccio C.
S08512,MANDELA-SAMBUCI,Mandela-Sambuci
S01415,MANDELLO DEL LARIO,Mandello del L.
S12898,MANDRAS,Mandras
S01902,MANERBIO,Manerbio
S11054,MANFREDONIA,Manfredonia
S03084,MANIAGO,Maniago
S07710,MANOPPELLO,Manoppello
S00700,MANTA,Manta
S02336,MANTOVA,Mantova
S02380,MANTOVA FRASSINE,Mantova Frassine
S03030,MANZANO,Manzano
S08314,MANZIANA-CANALE MONTERANO,Manziana
S02142,MARANO,Marano
S00983,MARANO TICINO,Marano Ticino
S11723,MARATEA,Maratea
S12104,MARAUSA,Marausa
S01921,MARCARIA,Marcaria
S11728,MARCELLINA VERBICARO ORSOMARSO,Marcellina V.O.
S08507,MARCELLINA-PALOMBARA,Marcellina-Palom
S11953,MARCELLINARA,Marcellinara
S09301,MARCIANISE,Marcianise
S11121,MARCONI,Marconi
S11800,MARCONIA,Marconia
S08716,MARECHIARO,Marechiaro
S00902,MARGARITA,Margarita
S11107,MARGHERITA DI SAV./OFANTINO,Margherita S.Of.
S01089,MARIANO COMENSE,Mariano Comense
S12234,MARIANOPOLI,Marianopoli
S09750,MARIGLIANO,Marigliano
S08022,MARINA DI CERVETERI,Marina di Cervet
S11724,MARINA DI MARATEA,Mar.di Maratea
S11862,MARINA DI SAN LORENZO,M.d.San Lorenzo
S12854,MARINELLA,Marinella
S08701,MARINO,Marino
S07556,MARINO DEL TRONTO FOLIGNANO,Marino del Tr.
S02214,MARLENGO,Marlengo
S07401,MARMORE,Marmore
S07107,MAROTTA MONDOLFO,Marotta Mondolfo
S06610,MARRADI,Marradi
S12879,MARRUBIU TERRALBA ARBOREA,Marrubiu Terr.Ar
S12107,MARSALA,Marsala
S07515,MARTINSICURO,MARTINSICURO
S05105,MARZABOTTO,Marzabotto
S12444,MARZAMEMI,Marzamemi
S07109,MARZOCCA,Marzocca
S12323,MASCALI,Mascali
S04811,MASCHIO,Maschio
S05171,MASI TORELLO,Masi Torello
S06009,MASSA CENTRO,Massa Centro
S05179,MASSAFISCAGLIA,Massafiscaglia
S11510,MASSAFRA,Massafra
S05952,MASSALOMBARDA,Massalombarda
S06350,MASSAROSA BOZZANO,Massarosa Bozzan
S07301,MATELICA,Matelica
S00093,MATHI,Mathi
S02263,MATREI,Matrei
S09461,MATRICE MONTAGANO,Matrice Montag.
S02040,MATTARELLO,Mattarello
S12110,MAZARA DEL VALLO,Mazara del Vallo
S01087,MEDA,Meda
S00406,MEDE,Mede
S06102,MEDESANO,Medesano
S03082,MEDUNO,Meduno
S01019,MEINA,Meina
S07065,MELANO MARISCHIO,Melano Marischio
S04106,MELE,Mele
S01822,MELEGNANO,Melegnano
S11206,MELFI,Melfi
S11863,MELITO DI PORTO SALVO,Melito P.S.
S01705,MELZO,Melzo
S02215,MELZO SCALO,Melzo Scalo
S06075,MEMMENANO,Memmenano
S75648,MENTON,Menton
S02668,MEOLO,Meolo
S00875,MERANA,Merana
S02216,MERANO,Merano / Meran
S02217,MERANO MAIA BASSA,Merano Maia Bass / Meran-Untermais
S09837,MERCATELLO,Mercatello
S09706,MERCATO SAN SEVERINO,Mercato S.Sever.
S00156,MERCENASCO,Mercenasco
S01012,MERGOZZO,Mergozzo
S01454,MERONE,Merone
S11607,MESAGNE,Mesagne
S12301,MESSINA CENTRALE,Messina Cent.
S12300,MESSINA MARITTIMA,Messina Maritt.
S02580,MESTRINO,Mestrino
S11461,METAPONTO,Metaponto
S01851,MEZZANI RONDANI,Mezzani Rondani
S05810,MEZZANO,Mezzano
S02035,MEZZOCORONA,Mezzocorona
S05997,MEZZOLARA,Mezzol.
S01647,MI P.GAR.SOTT.,MI P.Gar.Sott.
S01631,MI.P.GENOVA,MI P.Genova
S05176,MIGLIARINO,Migliarino
S05178,MIGLIARO,Migliaro
S04212,MIGNANEGO,Mignanego
S09201,MIGNANO DI MONTE LUNGO,Mignano Mont.
S01078,MILANO AFFORI,Milano Affori
S01642,MILANO BOVISA FNM,MI BOVISA FNM
S01079,MILANO BRUZZANO,Milano Bruzzano
S01700,MILANO CENTRALE,Milano Centrale
S01640,MILANO CERTOSA,Milano Certosa
S01650,MILANO DATEO,Milano Dateo
S01644,MILANO FARINI,Milano Farini
S01492,MILANO FORLANINI,Milano Forlanini
S01326,MILANO GRECO PIRELLI,MI Greco Pirelli
S01701,MILANO LAMBRATE,Milano Lambrate
S01643,MILANO LANCETTI,MI Lancetti
S01066,MILANO NORD CADORNA,MILANO N.CADORNA
S01067,MILANO NORD DOMODOSSOLA,Mi.N.Domodossola
S01069,MILANO NORD QUARTO OGGIARO,Mi.N.Quar.Oggiro
S01645,MILANO PORTA GARIBALDI,MI P. Garibaldi
S01632,MILANO PORTA ROMANA,MI P.ta Romana
S01633,MILANO PORTA VITTORIA,MI P.ta Vittoria
S01648,MILANO REPUBBLICA,MI Repubblica
S01820,MILANO ROGOREDO,Milano Rogoredo
S01032,MILANO ROMOLO,Milano Romolo
S01630,MILANO S. CRISTOFORO,MI S.Cristoforo
S01022,MILANO TIBALDI,MILANO TIBALDI
S01649,MILANO VENEZIA,MI Venezia
S01639,MILANO VILLAPIZZONE,MI Villapizzone
S12042,MILAZZO,Milazzo
S11790,MILETO,Mileto
S12276,MILITELLO,Militello
S06954,MIMMOLE,Mimmole
S12275,MINEO,Mineo
S11403,MINERVINO MURGE,Minervino Murge
S09150,MINTURNO,Minturno
S06227,MINUCCIANO - PIEVE - CASOLA,Minucciano P. C.
S02588,MIRA MIRANO,Mira Mirano
S01867,MIRADOLO TERME,Miradolo Terme
S03311,MIRAMARE,Miramare
S05311,MIRANDOLA,Mirandola
S11814,MIRTO CROSIA,Mirto Crosia
S07119,MISANO ADRIATICO,Misano Adriatico
S00201,MODANE,Modane
S00190,MODANE FX,Modane FX
S05032,MODENA,Modena
S05188,MODENA PIAZZA MANZONI,MOD.PM
S12417,MODICA,Modica
S11516,MODUGNO,Modugno
S11500,MODUGNO,Modugno
S11515,MODUGNO CITTA`,Modugno Citta'
S02717,MOGLIANO VENETO,Mogliano Veneto
S01456,MOIANA,Moiana
S03058,MOIMACCO,Moimacco
S12363,MOJO-ALCANTARA MALVAGNA,Mojo-Alcantara M
S11127,MOLA DI BARI,Mola di Bari
S04102,MOLARE,Molare
S11114,MOLFETTA,Molfetta
S07424,MOLINA CASTEL VECCHIO SUBAQUEO,Molina C.V.S.
S05018,MOLINELLA,Molinel.
S05112,MOLINO DEL PALLONE,Molino del Pall.
S01458,MOLTENO,Molteno
S00873,MOMBALDONE ROCCAVERANO,Monbaldone Rocc.
S00808,MOMBARUZZO,Mombaruzzo
S00019,MOMO,Momo
S11844,MONASTERACE STILO,Monasterace St.
S00721,MONASTERO PRATAVECCHI,Monastero Prat.
S00453,MONCALIERI,Moncalieri
S00510,MONCALIERI SANGONE,MONC. SANGONE
S00340,MONCALVO,Moncalvo
S00735,MONCHIERO DOGLIANI,Monchiero Dogl.
S00952,MONDOVI`,MONDOVI'
S04727,MONEGLIA,Moneglia
S03310,MONFALCONE,Monfalcone
S00801,MONGARDINO,Mongardino
S11905,MONGRASSANO CERVICATI,Mongrassano
S02111,MONGUELFO VALLE DI CASIES,Monguelfo / Welsberg-Gsies
S11129,MONOPOLI,Monopoli
S07023,MONSAMPOLO DEL T,MONSAMPOLO DEL T
S07553,MONSAMPOLO DEL TRONTO,Monsampolo
S05703,MONSELICE,Monselice
S02392,MONTAGNANA,Montagnana
S09319,MONTAGUTO PANNI,Montaguto P.
S06415,MONTALE AGLIANA,Montale Agliana
S06856,MONTALLESE,Montallese
S08008,MONTALTO DI CASTRO,Montalto di Cas.
S00153,MONTALTO DORA,Montalto Dora
S11908,MONTALTO ROSE,Montalto Rose
S00160,MONTANARO,Montanaro
S06818,MONTE AMIATA,Monte Amiata
S06820,MONTE ANTICO,Monte Antico
S12973,MONTE ARCAU,Monte Arcau
S11805,MONTE GIORDANO,Monte Giordano
S07014,MONTE MELINO,Monte Melino
S06068,MONTE S. SAVINO,Monte S. Savino
S08605,MONTE S.BIAGIO,Monte S.Biagio
S02443,MONTEBELLO,Montebello
S02570,MONTEBELLUNA,Montebelluna
S09315,MONTECALVO BUONALBERGO CASALB.,Montecalvo B.C.
S06408,MONTECARLO SAN SALVATORE,Montecarlo S.Sal
S07203,MONTECAROTTO CASTELBELLINO,Montecarotto C.
S06412,MONTECATINI CENTRO,Montecatini C.
S06411,MONTECATINI TERME,Montecatini T.
S00872,MONTECHIARO DENICE,Montechiaro D.
S00428,MONTECHIARO D`ASTI,Montechiaro d'A.
S09822,MONTECORVINO,Montecorvino
S07310,MONTECOSARO,Montecosaro
S09602,MONTEFALCIONE,Montefalcione
S08303,MONTEFIASCONE,Montefiascone
S09529,MONTEFREDANE,Montefredane
S00803,MONTEGROSSO,Montegrosso
S11601,MONTEIASI,Monteiasi
S09612,MONTELLA,Montella
S01535,MONTELLO GORLAGO,Montello Gorlago
S06511,MONTELUPO CAPRAIA,Montelupo
S12203,MONTEMAGGIORE,Montemaggiore
S09610,MONTEMARANO,Montemarano
S07110,MONTEMARCIANO,Montemarciano
S09603,MONTEMILETTO,Montemiletto
S07825,MONTENERO PETACCIATO,Montenero P.
S11836,MONTEPAONE - MONTAURO,Montepaone M.
S06038,MONTEPESCALI,Montepescali
S07554,MONTEPRANDONE,Monteprandone
S06855,MONTEPULCIANO,Montepulciano
S03085,MONTEREALE VALCELLINA,Montereale Valc.
S09057,MONTERODUNI,Monteroduni
S06871,MONTERONI D`ARBIA,Monteroni d'Arb.
S04732,MONTEROSSO,Monterosso
S07062,MONTEROSSO MARCHE,Monterosso M.
S08215,MONTEROTONDO,Monterotondo
S09909,MONTESANO BUONABITACOLO,Montesano B.
S05801,MONTESANTO,Montesanto
S07808,MONTESILVANO,Montesilvano
S00422,MONTEU DA PO,Monteu da Po
S06910,MONTEVARCHI TERRANUOVA,Montevarchi T.
S09624,MONTEVERDE,Monteverde
S12857,MONTI TELTI,Monti Telti
S09622,MONTICCHIO,Monticchio
S01971,MONTICELLI D`ONGINA,Moonticelli d'O.
S00823,MONTICELLO D`ALBA,Monticello d'A.
S00426,MONTIGLIO MURISENGO,Montiglio Muris.
S01840,MONTIRONE,Montirone
S00144,MONTJOVET,Montjovet
S09518,MONTORO FORINO,Montoro Forino
S09517,MONTORO SUPERIORE,Montoro Super.
S09528,MONTORSI,Montorsi
S06601,MONTORSOLI,Montorsoli
S01235,MONTREUX,Montreux
S01322,MONZA,Monza
S01480,MONZA SOBBORGHI,Monza Sobborghi
S06225,MONZONE-M.DEI BANCHI-ISOLANO,Monzone
S05132,MONZUNO,Monzuno
S00177,MORANO SUL PO,Morano Po
S01425,MORBEGNO,Morbegno
S09503,MORCONE,Morcone
S01710,MORENGO BARIANO,Morengo Bariano
S12864,MORES ITTIREDDU,Mores Ittireddu
S00544,MORETTA,Moretta
S00131,MORGEX,Morgex
S02046,MORI,Mori
S01144,MORNAGO CIMBRO,Mornago Cimbro
S08660,MOROLO,Morolo
S09617,MORRA DE SANCTIS TEORA,Morra de S.T.
S08813,MORREA-CASTRONOVO-RENDINARA,Morrea-Cas.-Ren.
S07309,MORROVALLE MONTE S.GIUSTO,Morrovalle Msg
S00034,MORTARA,Mortara
S07904,MOSCIANO S. ANGELO,Mosciano S. Ang.
S03302,MOSSA,Mossa
S12360,MOTTA CAMASTRA,Motta Camastra
S02767,MOTTA DI LIVENZA,Motta Liv.
S01862,MOTTA S. DAMIANO,Motta S.Damiano
S11865,MOTTA SAN GIOVANNI LAZZARO,Motta SG Lazzaro
S02339,MOTTEGGIANA,Motteggiana
S12105,MOZIA-BIRGI,Mozia-Birgi
S02332,MOZZECANE,Mozzecane
S05974,MUFFA,Muffa
S04713,MULINETTI,Mulinetti
S08400,MURATELLA,Muratella
S06876,MURLO,Murlo
S12953,MUSEI,Musei
S05139,MUSIANO-PIAN DI MACINA,Musiano
S00824,MUSSOTTO,Mussotto
S03204,MUZZANA DEL TURGNANO,Muzzana del T.
S00000,N.D.,N.D.
S03624,NAGYKANIZSA,Nagykanizsa
S09988,NAPOLI AFRAGOLA,Napoli Afragola
S09103,NAPOLI CAMPI FLEGREI,Napoli Campi F.
S09218,NAPOLI CENTRALE,Napoli Centrale
S09110,NAPOLI GIANTURCO,Napoli Gianturco
S09105,NAPOLI MERGELLINA,NA Mergellina
S09107,NAPOLI MONTESANTO,NA Montesanto
S09109,NAPOLI PIAZZA GARIBALDI,NA Piazza Garib.
S09104,NAPOLI PIAZZA LEOPARDI,NA P. Leopardi
S09800,NAPOLI S.GIOV.BARRA,Napoli S.G.Barra
S09010,NAPOLI SCALO MERCI,NA Scalo Merci
S09220,NAPOLI TRACCIA,Napoli Traccia
S07230,NARNI AMELIA,Narni Amelia
S00734,NARZOLE,Narzole
S11600,NASISI,Nasisi
S02211,NATURNO,Naturno
S06502,NAVACCHIO,Navacchio
S00827,NEIVE,Neive
S07026,NEPEZZANO-PIANO D'ACCIO,Nep.-P-d'Ac.
S07229,NERA MONTORO,Nera Montoro
S08710,NETTUNO,Nettuno
S00976,NIBBIA,Nibbia
S00511,NICHELINO,Nichelino
S00273,NICORVO,Nicorvo
S11764,NICOTERA,Nicotera
S00739,NIELLA,Niella
S12392,NISCEMI,Niscemi
S12311,NIZZA DI SICILIA,Nizza di Sicilia
S00834,NIZZA MONFERRATO,Nizza Monferrato
S02510,NOALE SCORZE`,Noale Scorze'
S09814,NOCERA INFERIORE,Nocera Inferiore
S09709,NOCERA INFERIORE MERCATO,Nocera Mercato
S09815,NOCERA SUPERIORE,Nocera Superiore
S11746,NOCERA TIRINESE,Nocera
S07213,NOCERA UMBRA,Nocera Umbra
S06101,NOCETO,Noceto
S05310,NOGARA,Nogara
S09700,NOLA,Nola
S09699,NOLA INTERPORTO,Nola Interporto
S00091,NOLE,Nole
S00513,NONE,None
S07903,NOTARESCO,Notaresco
S12424,NOTO,Noto
S12446,NOTO BAGNI,Noto Bagni
S03303,NOVA GORICA,Nova Gorica
S11803,NOVA SIRI ROTONDELLA,Nova Siri Roton.
S00248,NOVARA,Novara
S00023,NOVARA FERROVIA NORD MILANO,Novara FNM
S12039,NOVARA MONTALBANO FURNARI,Novara Mont.Fur.
S01070,NOVATE MILANESE,Novate Milanese
S01403,NOVATE-MEZZOLA,Novate-Mezzola
S02734,NOVE,Nove
S05940,NOVELLARA,Novellara
S04203,NOVI LIGURE,Novi Ligure
S06351,NOZZANO,Nozzano
S00920,NUCETTO,Nucetto
S08231,NUOVO SALARIO,Nuovo Salario
S00140,NUS,Nus
S09614,NUSCO,Nusco
S05710,OCCHIOBELLO,Occhiobello
S02765,ODERZO,Oderzo
S11968,OFFICINE G.R. SALINE JONICHE,O.G.R. Saline J.
S07551,OFFIDA CASTEL DI LAMA,Offida
S01460,OGGIONO,Oggiono
S12855,OLBIA,Olbia
S12901,OLBIA MARITTIMA ISOLA BIANCA,Olbia M.I.B.
S00244,OLCENENGO,Olcenengo
S01414,OLCIO,Olcio
S00984,OLEGGIO,Oleggio
S00036,OLEVANO,Olevano
S08333,OLGIATA,Olgiata
S01514,OLGIATE-CALCO-BRIVIO,Olgiate-C.-B.
S12037,OLIVERI TINDARI,Oliveri Tindari
S04480,OLIVETTA SAN MICHELE,Olivetta S.M.
S01905,OLMENETA,Olmeneta
S02760,OLMI SPERCENIGO,Olmi S.
S01150,OLTEN,Olten
S00010,OMEGNA,Omegna
S00008,OMEGNA CRUSINALLO,Omegna Crusin.
S11708,OMIGNANO SALENTO,Omignano
S02031,ORA,Ora / Auer
S08004,ORBETELLO,Orbetello
S06022,ORCIANO,Orciano
S11202,ORDONA,Ordona
S11605,ORIA,Oria
S08518,ORICOLA-PERETO,Oricola Pereto
S01870,ORIO LITTA,Orio Litta
S08313,ORIOLO,Oriolo
S02203,ORIS,Oris
S12878,ORISTANO,Oristano
S00927,ORMEA,Ormea
S00006,ORNAVASSO,Ornavasso
S12121,ORSA,Orsa
S02704,ORSAGO,Orsago
S09320,ORSARA DI PUGLIA,Orsara di Puglia
S00012,ORTA MIASINO,Orta Miasino
S11102,ORTANOVA,Ortanova
S08209,ORTE,Orte
S07815,ORTONA,Ortona
S08203,ORVIETO,Orvieto
S12860,OSCHIRI,Oschiri
S07502,OSIMO CASTELFIDARDO,Osimo Castelf.
S01512,OSNAGO,Osnago
S02395,OSPEDALETTO EUGANEO,Ospedaletto Eug.
S01871,OSPEDALETTO LODIGIANO,Ospedaletto Lod.
S07012,OSPEDALICCHIO,Ospedalicchio
S02554,OSPITALE DI CADORE,Ospitale di Cad.
S01922,OSPITALETTO MANTOVANO,Ospitaletto Man.
S01716,OSPITALETTO TRAVAGLIATO,Ospitaletto T.
S05175,OSTELLATO,Ostellato
S05302,OSTERIA NUOVA,Osteria Nuova
S06160,OSTIA PARMENSE,Ostia Parmense
S05304,OSTIGLIA,Ostiglia
S11132,OSTUNI,Ostuni
S08324,OTTAVIA,Ottavia
S09751,OTTAVIANO,Ottaviano
S00204,OULX CESANA CLAVIERE SESTRIERE,Oulx Ce.Cl.Ses.
S04103,OVADA,Ovada
S04007,OVADA NORD,Ovada Nord
S00840,OVIGLIO,Oviglio
S12862,OZIERI CHILIVANI,Ozieri Chilivani
S12861,OZIERI FRAIGAS,Ozieri Fraigas
S05055,OZZANO DELL'EMILIA,Ozzano Emilia
S00337,OZZANO MONFERRATO,Ozzano Monfer.
S06152,OZZANO TARO,Ozzano Taro
S05709,P.C.CANARO,P.C. Canaro
S06826,P.M. BADESSE,P.M. Badesse
S05047,P.M. RENO,PM Reno
S09717,P.M.TORRICCHIO,P.M. Torricchio
S03032,P.M.VAT,P.M.Vat
S12881,PABILLONIS,Pabillonis
S12045,PACE DEL MELA,Pace del Mela
S12103,PACECO,Paceco
S12445,PACHINO,Pachino
S01082,PADERNO DUGNANO,Paderno Dugnano
S01502,PADERNO ROBBIATE,Paderno Robbiate
S08707,PADIGLIONE,Padiglione
S02581,PADOVA,Padova
S02650,PADOVA CAMPO MARTE,Padova C. Marte
S09908,PADULA,Padula
S09313,PADULI,Paduli
S02540,PAESE,Paese
S02602,PAESE CASTAGNOLE,Paese Castagnole
S11703,PAESTUM,Paestum
S09813,PAGANI,Pagani
S07416,PAGANICA,Paganica
S11508,PALAGIANELLO,Palagianello
S11464,PALAGIANO CHIATONA,Palagiano Chiat.
S11509,PALAGIANO MOTTOLA,Palagiano Mott.
S12279,PALAGONIA,Palagonia
S12130,PALAZZO REALE-ORLEANS,P.Reale-Orleans
S11303,PALAZZO S.GERVASIO - MONTEMIL.,Palazzo S.G.- M.
S01083,PALAZZOLO,Palazzolo Milan.
S03203,PALAZZOLO DELLO STELLA,Palazzolo
S01538,PALAZZOLO SULL`OGLIO,PALAZZOLO S/O.
S00175,PALAZZOLO VERCELLESE,Palazzolo Verc.
S08904,PALENA,Palena
S12055,PALERMO BRANCACCIO,PA Brancaccio
S12002,PALERMO CENTRALE,Palermo C.le
S12134,PALERMO NOTARBARTOLO,PA Notarbartolo
S00271,PALESTRO,Palestro
S02343,PALIDANO,Palidano
S11859,PALIZZI,Palizzi
S00002,PALLANZENO,Pallanzeno
S06220,PALLERONE,Pallerone
S09701,PALMA S.GENNARO,Palma S.Gennaro
S03122,PALMANOVA,Palmanova
S11769,PALMI,Palmi
S08018,PALO LAZIALE,Palo Laziale
S07112,PALOMBINA,Palombina
S06605,PANICAGLIA,Panicaglia
S08699,PANTANELLA,Pantanella
S07234,PANTIERE DI CASTELBELLINO,Pantiere di C.
S11739,PAOLA,Paola
S01035,PARABIAGO,Parabiago
S01620,PARATICO SARNICO,Paratico Sarnico
S08412,PARCO LEONARDO,Parco Leonardo
S08495,PARCO PRENESTINO,Parco Prenestino
S08498,PARCO PRENESTINO BIN. ESTERNI,P.Pr.Es.
S11759,PARGHELIA,Parghelia
S05014,PARMA,Parma
S01060,PARONA LOMELLINA,Parona Lomellina
S12124,PARTINICO,Partinico
S07001,PASSIGNANO SUL TRASIMENO,Passignano T.
S09836,PASTENA,Pastena
S09607,PATERNOPOLI,Paternopoli
S12036,PATTI-SAN PIERO PATTI,Patti-San Piero
S12874,PAULILATINO,Paulilatino
S01860,PAVIA,Pavia
S01861,PAVIA PORTA GARIBALDI,Pavia P.Garib.
S08731,PAVONA,Pavona
S08017,PC ROMA MONTE MARIO,PC R.Monte Mario
S07510,PEDASO,Pedaso
S02567,PEDEROBBA CAVASO POSSAGNO,Pederobba Cav.P.
S05154,PEGOGNAGA,Pegognaga
S09521,PELLEZZANO,Pellezzano
S00341,PENANGO,Penango
S02553,PERAROLO DI CADORE,Perarolo di Cad.
S02060,PERCA,Perca
S09627,PERCIANTI ARIANELLO,Percianti A.
S02305,PERGINE,Pergine
S07060,PERGOLA,Pergola
S02052,PERI,Peri
S78400,PERPIGNAN,Perpignan
S00311,PERTENGO,Pertengo
S09921,PERTOSA,Pertosa
S07004,PERUGIA,Perugia
S07005,PERUGIA PONTE S.GIOVANNI,Perugia P.S.G.
S07013,PERUGIA SILVESTRINI,PG Silvestrini
S07006,PERUGIA UNIVERSITA',PG Università
S07104,PESARO,Pesaro
S02057,PESCANTINA,Pescantina
S07810,PESCARA,Pescara
S07811,PESCARA PORTA NUOVA,Pescara P.N.
S07017,PESCARA S. MARCO,Pescara S. Marco
S02088,PESCHIERA DEL GARDA,Peschiera Garda
S06409,PESCIA,Pescia
S08532,PESCINA,Pescina
S08811,PESCOCANALE,Pescocanale
S08915,PESCOLANCIANO-CHIAUCI,Pescolanciano-C.
S09507,PESCOSANNITA FRAGNETO L`ABATE,Pescosannita F.
S00457,PESSIONE,Pessione
S09901,PETINA,Petina
S12109,PETROSINO STRASATTI,Petrosino Stras.
S00011,PETTENASCO,Pettenasco
S08901,PETTORANO SUL GIZIO,Pettorano sul G.
S05000,PIACENZA,Piacenza
S01919,PIADENA,Piadena
S06952,PIAN DEL MUGNONE,Pian del Mugnone
S05114,PIAN DI VENOLA,Pian di Venola
S00876,PIANA,Piana
S08222,PIANA BELLA MONTELIBRETTI,Piana Bella Mon.
S12394,PIANA DEL SIGNORE,Piana del Signor
S09026,PIANA DI M.VERNA,Piana di M.Verna
S09317,PIANEROTTOLO DI ARIANO,Pianerottolo A.
S00903,PIANFEI,Pianfei
S07990,PIANIBBIE,Pianibbie
S07714,PIANO D`ORTA BOLOGNANO,Piano d'Orta B.
S04216,PIANO ORIZZONTALE DEI GIOVI,Piano Orizzont.
S05131,PIANORO,Pianoro
S02705,PIANZANO,Pianzano
S06325,PIAZZA AL SERCHIO,Piazza al Serch.
S09106,PIAZZA AMEDEO,Piazza Amedeo
S09108,PIAZZA CAVOUR,Piazza Cavour
S05924,PIAZZOLA,Piazzola
S09833,PICERNO,Picerno
S09999,PIEDIMONTE MATESE,Piedimonte Mates
S08680,PIEDIMONTE-V.S.L.-AQUINO,Pied.-VSL-Aquino
S00003,PIEDIMULERA,Piedimulera
S04520,PIETRA LIGURE,Pietra Ligure
S04209,PIETRABISSARA,Pietrabissara
S11213,PIETRAGALLA,Pietragalla
S11816,PIETRAPAOLA,Pietrapaola
S09801,PIETRARSA,Pietrarsa
S06012,PIETRASANTA,Pietrasanta
S09508,PIETRELCINA,Pietrelcina
S00402,PIEVE ALBIGNOLA,Pieve Albignola
S01104,PIEVE EMANUELE,Pieve E.
S04711,PIEVE LIGURE,Pieve Ligure
S05962,PIEVE SALICETO,Pieve Sa
S00004,PIEVE VERGONTE,Pieve Vergonte
S00922,PIEVETTA,Pievetta
S09207,PIGNATARO MAGGIORE,Pignataro Mag.
S05970,PILASTRINO,Pilastr.
S01931,PINAROLO PO,Pinarolo Po
S00517,PINEROLO,Pinerolo
S00082,PINEROLO OLIMPICA,Pinerolo Olimpi.
S08334,PINETO,Pineto
S07806,PINETO ATRI,Pineto Atri
S13966,PINO CONFINE,Pino Confine
S01110,PINO T.,Pino T.
S03055,PINZANO,Pinzano
S01703,PIOLTELLO LIMITO,Pioltello Lim.
S06770,PIOMBINO,Piombino
S06775,PIOMBINO BINARI MARE,Piomb.bin.Mare
S02509,PIOMBINO DESE,Piombino Dese
S01406,PIONA,Piona
S05106,PIOPPE DI SALVARO,Pioppe Salvaro
S02598,PIOVE DI SACCO,Piove di Sacco
S12125,PIRAINETO,Piraineto
S06450,PISA BINARI AEROPORTO,Pisa Bin.Aerop.
S06500,PISA CENTRALE,Pisa Centrale
S06501,PISA SAN ROSSORE,Pisa S.Rossore
S00515,PISCINA DI PINEROLO,Piscina di Pin.
S09625,PISCIOLO,Pisciolo
S11712,PISCIOTTA PALINURO,Pisciotta P.
S11459,PISTICCI,Pisticci
S06414,PISTOIA,Pistoia
S05151,PISTOIA OVEST,Pistoia Ovest
S05116,PITECCIO,Piteccio
S44100,PIVKA,Pivka
S01911,PIZZIGHETTONE,Pizzighettone
S11753,PIZZO,Pizzo
S02212,PLAUS,Plaus
S12816,PLOAGHE,Ploaghe
S00226,PM Agognate,PM Agognate
S11514,PM GROTTALUPARA,PM Grottalupara
S01928,PM Groane,PMGroane
S00842,POCAPAGLIA,Pocapaglia
S06805,POGGIBONSI,Poggibonsi
S06323,POGGIO - CAREGGINE - VAGLI,Poggio-Car.-Vag.
S07428,POGGIO FIDONI,Poggio Fidoni
S11023,POGGIO IMPERIALE,Poggio Imperiale
S08213,POGGIO MIRTETO,Poggio Mirteto
S05720,POGGIO RENATICO,Poggio Renatico
S05308,POGGIO RUSCO,Poggio Rusco
S11305,POGGIORSINI,Poggiorsini
S01433,POGGIRIDENTI-TRESIVIO-PIATEDA,Poggiridenti
S00904,POGLIOLA,Pogliola
S05708,POLESELLA,Polesella
S11718,POLICASTRO BUSSENTINO,Policastro
S11802,POLICORO TURSI,Policoro Tursi
S11128,POLIGNANO A MARE,Polignano a Mare
S09903,POLLA,Polla
S07305,POLLENZA,Pollenza
S12021,POLLINA,Pollina
S01125,POMBIA,Pombia
S08601,POMEZIA - S.PALOMBA,Pomezia
S09810,POMPEI,Pompei
S00890,PONT,Pont
S00149,PONT SAINT MARTIN,Pont S.Martin
S06904,PONTASSIEVE,Pontassieve
S06807,PONTE A ELSA,Ponte a Elsa
S06312,PONTE A MORIANO,Ponte a Moriano
S06869,PONTE A TRESSA,Ponte a Tressa
S09325,PONTE ALBANITO,Ponte Albanito
S09309,PONTE CASALDUNI,Ponte Casalduni
S05123,PONTE DELLA VENTURINA,Ponte Venturina
S08529,PONTE DI NONA,Ponte di Nona
S02763,PONTE DI PIAVE,Ponte Piave
S01912,PONTE D`ADDA,Ponte d'Adda
S02225,PONTE D`ADIGE,Ponte d'Adige / Sigmundskron
S08403,PONTE GALERIA,Ponte Galeria
S02020,PONTE GARDENA,Ponte Gardena / Waidbruck
S06752,PONTE GINORI,Ponte Ginori
S01434,PONTE IN VALTELLINA,Ponte in Valt.
S02558,PONTE NELLE ALPI POLPET,Ponte nelle Alpi
S07233,PONTE PARRANO DI NOCERA UMBRA,Ponte Parrano
S05919,PONTE RONCA,Ponte R.
S09841,PONTE S. CONO,Ponte S.Cono
S02082,PONTE S.MARCO - CALCINATO,Ponte S.Marco
S01528,PONTE S.PIETRO,Ponte S.Pietro
S03010,PONTEBBA,Pontebba
S09821,PONTECAGNANO,Pontecagnano
S05103,PONTECCHIO MARCONI,Pontecchio Marc.
S01809,PONTECURONE,Pontecurone
S06506,PONTEDERA CASCIANA TERME,Pontedera C.T.
S05711,PONTELAGOSCURO,Pontelagoscuro
S01097,PONTELAMBRO - CASTELMARTE,Pontelambro-Cas.
S09504,PONTELANDOLFO,Pontelandolfo
S09027,PONTELATONE,Pontelatone
S05005,PONTENURE,Pontenure
S04710,PONTETTO,Pontetto
S00871,PONTI,Ponti
S06913,PONTICINO,Ponticino
S01526,PONTIDA,Pontida
S06163,PONTREMOLI,Pontremoli
S00247,PONZANA,Ponzana
S06200,PONZANO MAGRA,Ponzano Magra
S06612,POPOLANO,Popolano
S07703,POPOLI VITTORITO,Popoli Vittorito
S06074,POPPI,Poppi
S06773,POPULONIA,Populonia
S06406,PORCARI,Porcari
S02701,PORDENONE,Pordenone
S06073,PORRENA - STRADA - MONTEM.,Porrena
S05110,PORRETTA TERME,Porretta Terme
S00344,PORTACOMARO,Portacomaro
S09802,PORTICI- ERCOLANO,Portici Ercolano
S01200,PORTO CERESIO,Porto Ceresio
S07822,PORTO DI VASTO,Porto di Vasto
S07514,PORTO D`ASCOLI,PORTO D'ASCOLI
S12214,PORTO EMPEDOCLE,Porto Empedocle
S07504,PORTO RECANATI,Porto Rec.
S07507,PORTO S. ELPIDIO,Porto S.Elpidio
S07508,PORTO S. GIORGIO FERMO,Porto S.Giorgio
S12802,PORTO TORRES,Porto Torres
S01116,PORTO VALTRAVAGLIA,Porto Valtrav.
S01124,PORTO VARALLO POMBIA,Porto Varallo P.
S03200,PORTOGRUARO CAORLE,Portogruaro C.
S05802,PORTOMAGGIORE,Portomaggiore
S11220,POSSIDENTE,Possidente
S02601,POSTIOMA,Postioma
S02053,POSTO COMUNICAZIONE DOLCE`,P.C. Dolce'
S00750,POSTOJNA,Postojna
S11420,POTENZA CENTRALE,Potenza Centrale
S11215,POTENZA MACCHIA ROMANA,Potenza M.Romana
S07505,POTENZA PICENA MONTELUPONE,Potenza Pic.
S11217,POTENZA SUPERIORE,Potenza Sup.re
S02505,POVE DEL GRAPPA CAMPESE,Pove s.G.Campese
S02301,POVO,Povo
S12420,POZZALLO,Pozzallo
S04330,POZZOLO FORMIGARO,Pozzolo Formig.
S09101,POZZUOLI SOLFATARA,Pozzuoli S.
S01722,POZZUOLO MARTESANA,Poz.Mart
S05113,PRACCHIA,Pracchia
S11725,PRAJA AJETA TORTORA,Praja A.T.
S04101,PRASCO CREMOLINO,Prasco Cremolino
S01417,PRATA CAMPORTACCIO,Prata Camp.
S09513,PRATA PRATOLA,Prata Pratola
S06423,PRATIGNONE,Pratignone
S05985,PRATISSOLO,PRATISSOLO
S06426,PRATO BORGONUOVO,Prato Borgonuovo
S06416,PRATO CENTRALE,Prato C.Le
S06422,PRATO PORTA AL SERRAGLIO,Prato P.Serragl.
S00108,PRATO SESIA,Prato Sesia
S02024,PRATO TIRES,Prato Tires
S05947,PRATOFONTANA,Pratofont.
S07700,PRATOLA PELIGNA,Pratola Peligna
S07601,PRATOLA PELIGNA SUPERIORE,Pratola P.S.
S06072,PRATOVECCHIO,Pratovecchio
S06071,PRATOVECCHIO STIA,PRATO VECC. STIA
S04003,PREDOSA,Predosa
S02715,PREGANZIOL,Preganziol
S01058,PREGNANA MILANESE,Pregnana
S01009,PREMOSELLO CHIOVENDA,Premosello Ch.
S08536,PREZZA,Prezza
S00130,PRE` SAINT DIDIER,Pre' S. Didier
S02319,PRIMOLANO,Primolano
S00923,PRIOLA,Priola
S12347,PRIOLO MELILLI,Priolo Melilli
S12393,PRIOLO SOPRANO,Priolo Soprano
S08604,PRIVERNO FOSSANOVA,Priverno Fos.
S03551,PROSECCO,Prosecco
S06085,PUGLIA - CECILIANO,Puglia-Ceciliano
S12133,PUNTA RAISI,Punta Raisi
S05299,PdE 2AV,PdE 2AV
S07996,QUADRI-BORELLO,Quadri-Borello
S00102,QUARONA,Quarona
S00138,QUART,Quart
S05170,QUARTESANA,Quartesana
S09111,QUARTO DI MARANO,Quarto di Marano
S02670,QUARTO D`ALTINO,QUARTO D'ALTINO
S08005,QUATTRO VENTI,Quattro Venti
S05268,QUATTRO VILLE,Quattro Ville
S06728,QUERCIANELLA,Quercianella
S02565,QUERO VAS,Quero Vas
S04527,QUILIANO VADO,Quiliano Vado
S00150,QUINCINETTO,Quincinetto
S05156,QUISTELLO,Quistello
S11866,R.C.AEROPORTO,R.C.Aero
S12373,RACALMUTO,Racalmuto
S00602,RACCONIGI,Racconigi
S12414,RAGUSA,Ragusa
S12416,RAGUSA IBLA,Ragusa Ibla
S07600,RAIANO,Raiano
S12365,RANDAZZO,Randazzo
S04720,RAPALLO,Rapallo
S06850,RAPOLANO TERME,Rapolano Terme
S11207,RAPOLLA - LAVELLO,Rapolla Lavello
S09621,RAPONE RUVO S.FELE,Rapone Ruvo S.F.
S06078,RASSINA,Rassina
S05138,RASTIGNANO,Rastignano
S05811,RAVENNA,Ravenna
S09302,RECALE,Recale
S04714,RECCO,Recco
S03308,REDIPUGLIA,Redipuglia
S05934,REGGIO ALL'ANGELO,Reggio Ang
S11781,REGGIO CALABRIA CENTRALE,Reggio C. C.le
S11780,REGGIO CALABRIA LIDO,Reggio C. Lido
S11973,REGGIO DI CALABRIA ARCHI,Reggio C. Archi
S11969,REGGIO DI CALABRIA BOCALE,Reggio C.Bocale
S11776,REGGIO DI CALABRIA CATONA,Reggio C. Catona
S11777,REGGIO DI CALABRIA GALLICO,Reggio C.Gallico
S11970,REGGIO DI CALABRIA OMECA,Reggio C.Omeca
S11867,REGGIO DI CALABRIA PELLARO,Reggio C.Pellaro
S11975,REGGIO DI CALABRIA S.CATERINA,R.C.S.Caterina
S11868,REGGIO DI CALABRIA S.GREGORIO,R.C.San Gregorio
S05023,REGGIO EMILIA,Reggio Emilia
S05254,REGGIO EMILIA AV,Reggio Emilia AV
S05195,REGGIO MEDIOPADANA,Reggio Med
S05191,REGGIO STADIO GIGLIO,Reggio St.
S01410,REGOLEDO,Regoledo
S03059,REMANZACCO,Remanzacco
S01845,REMEDELLO SOPRA,Remedello Sopra
S01846,REMEDELLO SOTTO,Remedello Sotto
S01489,RENATE-VEDUGGIO,Renate-Veduggio
S02508,RESANA,Resana
S01135,RESCALDINA,Rescaldina
S05305,REVERE,Revere
S09762,REVIGLIONE DI SOMMA VESUVIANA,Reviglione di S.
S01037,RHO,Rho
S01039,RHO FIERA MILANO,Rho Fiera
S11845,RIACE,Riace
S09204,RIARDO,Riardo
S11761,RICADI,Ricadi
S07101,RICCIONE,Riccione
S08815,RIDOTTI-COLLEPIANO,Ridotti-Collep.
S07405,RIETI,Rieti
S11028,RIGNANO GARGANICO,Rignano Gargan.
S06906,RIGNANO SULL`ARNO REGGELLO,Rignano s.Arno
S00084,RIGOLA - STADIO,Rigola - Stadio
S06401,RIGOLI,Rigoli
S06851,RIGOMAGNO,Rigomagno
S04208,RIGOROSO,Rigoroso
S05071,RIMINI,Rimini
S07100,RIMINI MIRAMARE,Rimini Miramare
S05819,RIMINI TORRE PEDRERA,Torre Pedrera
S05820,RIMINI VISERBA,Rimini Viserba
S05057,RIMINIFIERA,Riminifiera
S02102,RIO DI PUSTERIA,Rio di Pusteria
S04004,RIO SECCO,Rio Secco
S08517,RIOFREDDO,Riofreddo
S05108,RIOLA,Riola
S04736,RIOMAGGIORE,Riomaggiore
S11209,RIONERO ATELLA RIPACANDITA,Rionero A.Ripac.
S09463,RIPABOTTONI S.ELIA,Ripabottoni S.E.
S06402,RIPAFRATTA,Ripafratta
S06750,RIPARBELLA,Riparbella
S03120,RISANO,Risano
S04726,RIVA TRIGOSO,Riva Trigoso
S04331,RIVALTA SCRIVIA,Rivalta Scriv.
S00884,RIVAROLO,RIVAROLO
S08905,RIVISONDOLI-PESCOCOSTANZO,Rivisondoli-Pesc
S00272,ROBBIO,Robbio
S01904,ROBECCO-PONTEVICO,Robecco P.
S00615,ROBILANTE,Robilante
S07410,ROCCA DI CORNO,Rocca di Corno
S07409,ROCCA DI FONDI,Rocca di Fondi
S09200,ROCCA D`EVANDRO,ROCCA D'EVAN.
S11804,ROCCA IMPERIALE,Rocca Imperiale
S09058,ROCCA RAVINDOLA,Rocca Ravindola
S11828,ROCCABERNARDA,Roccabernarda
S00740,ROCCACIGLIE`,Roccaciglie'
S00905,ROCCADEBALDI,Roccadebaldi
S04006,ROCCAGRIMALDA,Roccagrimalda
S12312,ROCCALUMERA MANDANICI,Roccalumera M.
S06159,ROCCAMURATA,Roccamurata
S12204,ROCCAPALUMBA-ALIA,Roccapalumba-A.
S08906,ROCCARASO,Roccaraso
S08668,ROCCASECCA,Roccasecca
S06823,ROCCASTRADA,Roccastrada
S12046,ROCCAVALDINA,Roccavaldina
S00614,ROCCAVIONE,Roccavione
S08814,ROCCAVIVI,Roccavivi
S11847,ROCCELLA JONICA,Roccella Jonica
S00878,ROCCHETTA CAIRO,Rocchetta Cairo
S11205,ROCCHETTA S.ANT.LAC.,Rocchetta S.A.L.
S00466,ROCCHETTA TANARO CERRO,Rocchetta T.C.
S00159,RODALLO,Rodallo
S01423,ROGOLO,Rogolo
S02346,ROLO NOVI FABBRICO,Rolo Novi Fabb.
S08025,ROMA AURELIA,Aurelia
S08327,ROMA BALDUINA,Roma Balduina
S08674,ROMA CASILINA,Roma Casilina
S08322,ROMA MONTE MARIO,Roma Monte Mario
S08236,ROMA NOMENTANA L.L.,Roma Nom. L.L.
S08232,ROMA NOMENTANA LM,Roma Noment. LM
S08406,ROMA OSTIENSE,Roma Ostiense
S08500,ROMA PRENESTINA,Roma Prenestina
S08325,ROMA S.FILIPPO NERI,RM S.Filippo N.
S08323,ROMA S.PIETRO,Roma S.Pietro
S08409,ROMA TERMINI,Roma Termini
S08217,ROMA TIBURTINA,Roma Tiburtina
S08405,ROMA TRASTEVERE,Roma Trastevere
S08408,ROMA TUSCOLANA,Roma Tuscolana
S00109,ROMAGNANO SESIA,Romagnano Sesia
S09829,ROMAGNANO V.,Romagnano V.
S01711,ROMANO,Romano
S02337,ROMANORE,Romanore
S12049,ROMETTA MESSINESE,Rometta Messin.
S05303,RONCANOVA DI GAZZO VER.,Roncanova
S02312,RONCEGNO BAGNI-MARTER,Roncegno
S03309,RONCHI DEI LEGIONARI NORD,Ronchi Leg.Nord
S08109,RONCIGLIONE,Ronciglione
S04211,RONCO SCR.,Ronco Scrivia
S06606,RONTA,Ronta
S11765,ROSARNO,Rosarno
S02521,ROSA`,Rosa'
S03600,ROSENHEIM,Rosenheim
S11806,ROSETO CAPO SPULICO,Roseto C.Spulico
S07804,ROSETO DEGLI ABRUZZI,Roseto Degli Abr
S06730,ROSIGNANO,Rosignano
S05424,ROSOLINA,Rosolina
S12422,ROSOLINI,Rosolini
S11813,ROSSANO,Rossano
S02522,ROSSANO VENETO,Rossano Veneto
S04104,ROSSIGLIONE,Rossiglione
S00215,ROSTA,Rosta
S09016,ROTONDI-PAOLISI,Rotondi-Paolisi
S29411,ROTTEWEIL,Rotteweil
S01950,ROTTOFRENO,Rottofreno
S00053,ROVASENDA,Rovasenda
S00056,ROVASENDA ALTA,Rovasenda Alta
S01714,ROVATO,Rovato
S02333,ROVERBELLA,Roverbella
S02044,ROVERETO,Rovereto
S05173,ROVERETO - S.V. - MEDELANA,Rovereto-S.V.-M.
S12442,ROVETO BIMMISCA,Roveto Bimmisca
S08515,ROVIANO,Roviano
S09771,ROVIGLIANO,Rovigliano
S05706,ROVIGO,Rovigo
S05031,RUBIERA,Rubiera
S12895,RUDALZA,Rudalza
S06703,RUFINA,Rufina
S05903,RUSSI,Russi
S11707,RUTINO,Rutino
S13550,Reggio Emilia (tutte le stazioni),REGGIO EM.TS
S11838,S SOSTENE,S Sostene
S00213,S. AMBROGIO,S. Ambrogio
S06819,S. ANGELO CINIGIANO,S.Angelo Cinig.
S09030,S. ANGELO IN FOR.,S. Angelo in F.
S00236,S. ANTONINO DI SALUGGIA,S. Ant. di Sal.
S00211,S. ANTONINO VAIE,S. Antonino Vaie
S01401,S. CASSIANO VALCHIAVENNA,S. Cassiano V.
S01866,S. CRISTINA E BISSONE,S.Cristina e Bis
S00461,S. DAMIANO D`ASTI,S.Damiano d'Asti
S02666,S. DONA` DI PIAVE,S.Dona' di Piave
S08739,S. EUROSIA,S. Eurosia
S09019,S. FELICE A CANCELLO-ARIENZO,S. Felice a Can.
S08737,S. GENNARO,San Gennaro
S00243,S. GERMANO VERCELLESE,S. Germano Verc.
S01436,S. GIACOMO DI TEGLIO,S. Giacomo di T.
S01849,S. GIOVANNI IN CROCE,S.Giov. in Croce
S01821,S. GIULIANO MILANESE,S. Giuliano Mil.
S01961,S. GIULIANO PIACENTINO,S.Giuliano Piac.
S09029,S. IORIO,S. Iorio
S06079,S. MAMA,S. Mama
S09022,S. MARCO,S. Marco
S04718,S. MARGHERITA LIGURE PORTOFINO,S.Margherita
S09018,S. MARIA A VICO,S. Maria a Vico
S08738,S. MARIA DELLE MOLE,S.Maria Mole
S09014,S. MARTINO V.C.-M.SARCHIO-P.RANO,S.Martino V.C.
S11300,S. NICOLA DI MELFI,S.Nicola Melfi
S00463,S. PAOLO SOLBRITO,S.Paolo Solbrito
S06313,S. PIETRO A VICO,S. Pietro a Vico
S08912,S. PIETRO AVELLANA-CAPRACOTTA,S.Pietro A.-Capr
S01428,S. PIETRO BERBENNO,S. Pietro B.
S11141,S. PIETRO VERNOTICO,S.Pietro V.co
S06170,S. STEFANO DI MAGRA,S.Stefano Magra
S02664,S. STINO DI LIVENZA,S. Stino di Liv.
S06030,S. VINCENZO,S. Vincenzo
S07985,S. VITO CHIETINO,S.Vito Chietino
S01900,S. ZENO FOLZANO,S. Zeno Folzano
S01823,S. ZENONE AL LAMBRO,S. Zenone al L.
S09056,S.AGAPITO LONGANO,S.Agapito Long.
S12027,S.AGATA M.,S.Agata M.
S05954,S.AGATA SUL SANTERNO,S.Agata sul San.
S12315,S.ALESSIO SICULO FORZA D`AGRO`,S.Alessio S.F.A.
S11840,S.ANDREA DELL`JONIO,S.Andrea Jonio
S09615,S.ANGELO DEI LOMBARDI,S.Angelo dei L.m
S05411,S.ANNA DI CHIOGGIA,S.Anna di C.
S00434,S.ANNA ROBELLA,S.Anna Rob.
S09007,S.ANTIMO S.ARPINO,S.Antimo S.Arpin
S02334,S.ANTONIO MANTOVANO,S.A.Mantovano
S07513,S.BENEDETTO DEL TRONTO,S.Benedetto T.
S00881,S.BENIGNO,S.BENIGNO
S00609,S.BENIGNO DI CUNEO,S.Benigno di C.
S05805,S.BIAGIO,S.Biagio
S02761,S.BIAGIO DI CALLALTA,S.Biagio C.
S02114,S.CANDIDO,S.Candido / Innichen
S06615,S.CASSIANO,S.Cassiano
S12382,S.CATALDO,S.Cataldo
S11842,S.CATERINA DELL`JONIO,S.Caterina Jonio
S07312,S.CLAUDIO,S.Claudio
S02306,S.CRISTOFORO AL LAGO-ISCHIA,S.Cristoforo
S02735,S.CROCE DEL LAGO,S.Croce del Lago
S09502,S.CROCE DEL SANNIO,S.Croce del S.
S07418,S.DEMETRIO DE` VESTINI,S.Demetrio V.
S01624,S.DONATO MILANESE,S.Donato Milan.
S06514,S.DONNINO BADIA,S.Donnino Badia
S05704,S.ELENA - ESTE,S.Elena - Este
S06905,S.ELLERO,S.Ellero
S06616,S.EUFEMIA DI BRISIGHELLA,S.Eufemia di Br.
S07989,S.EUSANIO DEL SANGRO,S.Eusanio Sangro
S05313,S.FELICE SP,S.Felice s.P.
S07557,S.FILIPPO,S.Filippo
S12044,S.FILIPPO-S.LUCIA,S.Filippo-S.L.
S12009,S.FLAVIA,S.Flavia
S06504,S.FREDIANO A SETTIMO,S.Frediano a S.
S07220,S.GIACOMO DI SPOLETO,S.Giacomo di S.
S00336,S.GIORGIO CASALE,S.Giorgio Casale
S02526,S.GIORGIO DELLE PERTICHE,S.Giorgio d.Pert
S05723,S.GIORGIO P.,S.Giorgio P.
S03031,S.GIOVANNI AL NATISONE,S.Giovanni al N.
S03199,S.GIOVANNI DI CASARSA,S.Giovanni di C.
S06816,S.GIOVANNI D`ASSO,S.Giovanni d'As.
S06909,S.GIOVANNI VALDARNO,S.Giovanni V.no
S01943,S.GIULETTA,S.Giuletta
S09476,S.GIULIANO DEL SANNIO,S.Giuliano d.S.
S01941,S.GIULIANO PIEMONTE,S.Giuliano Piem.
S06400,S.GIULIANO TERME,S.Giuliano Terme
S09752,S.GIUSEPPE VESUVIANO,S.Giuseppe Ves.
S02562,S.GIUSTINA CESIO,S.Giustina Cesio
S05021,S.ILARIO,S.Ilario d¿Enza
S07235,S.LIBERATO,S.Liberato
S12132,S.LORENZO COLLI,S.Lorenzo Colli
S12443,S.LORENZO LO VECCHIO,S.Lorenzo Lo Vec
S09308,S.LORENZO MAGGIORE,S.Lorenzo M.
S11740,S.LUCIDO MARINA,S.Lucido Marina
S09005,S.MARCELLINO FRIGNANO,S.Marcellino F.
S11904,S.MARCO ROGGIANO,S.Marco Roggiano
S09209,S.MARIA CAPUA VETERE,S.Maria Capua V.
S09474,S.MARIA COLLE SERRA,S.Maria Colle S.
S09804,S.MARIA LA BRUNA,S.Maria La Bruna
S03121,S.MARIA LA LONGA,S.Maria La Longa
S09059,S.MARIA OLIVETO,S.Maria Oliveto
S02501,S.MARINO,S.Marino
S08307,S.MARTINO AL CIMINO,S.Martino Cimino
S02435,S.MARTINO BUON ALBERGO,S.Martino B.A.
S02536,S.MARTINO DI LUPARI,S.Martino di Lup
S06613,S.MARTINO IN GATTARA,S.Martino in G.
S09468,S.MARTINO IN PENSILIS,S.Martino in P.
S09523,S.MICHELE DI SERINO,S.Michele di S.
S01924,S.MICHELE IN BOSCO,S.Michele in B.
S06509,S.MINIATO FUCECCHIO,S.Miniato F.
S02503,S.NAZARIO,S.Nazario
S11726,S.NICOLA ARCELLA,S.Nicola Arcella
S12012,S.NICOLA T.,S.Nicola T.
S01951,S.NICOLO',S.Nicolò
S05953,S.PATRIZIO,S.Patrizio
S06603,S.PIERO A SIEVE,S.Piero a Sieve
S11750,S.PIETRO A MAIDA,S.Pietro M.
S05722,S.PIETRO IN CASALE,S.Pietro in C.
S02531,S.PIETRO IN GU`,S.Pietro in Gu'
S06508,S.ROMANO MONTOPOLI S.CROCE,S.Romano
S00420,S.SEBASTIANO PO,S.Sebastiano
S07303,S.SEVERINO MARCHE,S.Severino M.
S00173,S.SILVESTRO,S.Silvestro
S00831,S.STEFANO BELBO,S.Stefano Belbo
S01829,S.STEFANO LODIGIANO,S.Stefano Lodig.
S03124,S.STEFANO UDINESE,S.Stefano Ud.se
S09630,S.TOMMASO DEL PIANO,S.Tommaso del P.
S08855,S.VINCENZO V.R.,S. Vincenzo V.R.
S02660,S.VITO AL TAGLIAMENTO,S. Vito al Tagl.
S11135,S.VITO DEI NORMANNI,S.Vito Normanni
S07817,S.VITO LANCIANO,S.Vito Lanciano
S00822,S.VITTORIA,S.Vittoria
S01754,SACCONAGO,Sacconago
S02703,SACILE,Sacile
S03089,SACILE SAN LIBERALE,Sacile S.Lib.le
S03307,SAGRADO,Sagrado
S00161,SAINT PIERRE,Saint Pierre
S00408,SAIRANO,Sairano
S00400,SAIRANO ZINASCO,Sairano Zinasco
S01461,SALA AL BARRO-GALBIATE,Sala al Barro
S09906,SALA CONSILINA,Sala Consilina
S11457,SALANDRA,Salandra
S00886,SALASSA,Salassa
S00205,SALBERTRAND,Salbertrand
S00743,SALE LANGHE,Sale Langhe
S12114,SALEMI GIBELLINA,Salemi Gib.
S09818,SALERNO,Salerno
S09799,SALERNO IRNO,Salerno Irno
S02394,SALETTO,Saletto
S00744,SALICETO,Saliceto
S11864,SALINE DI REGGIO,Saline di Reggio
S08502,SALONE,Salone
S02034,SALORNO,Salorno / Salurn
S05090,SALSOMAGGIORE T.,Salsomaggiore T.
S00235,SALUGGIA,Saluggia
S00074,SALUSSOLA,Salussola
S00547,SALUZZO,Saluzzo
S09600,SALZA IRPINA,Salza Irpina
S02511,SALZANO ROBEGANO,Salzano Robegano
S12885,SAMASSI SERRENTI,Samassi Serrenti
S05039,SAMOGGIA,Samoggia
S01402,SAMOLACO,Samolaco
S12419,SAMPIERI,Sampieri
S05155,SAN BENEDETTO PO,S. Benedetto Po
S05134,SAN BENEDETTO SAMBRO-CAST.PEPOLI,S.Benedetto SCP
S02440,SAN BONIFACIO,San Bonifacio
S12882,SAN GAVINO,San Gavino
S04005,SAN GIACOMO,San Giacomo
S12034,SAN GIORGIO,San Giorgio
S03205,SAN GIORGIO DI NOGARO,S.Giorgio Nogaro
S12804,SAN GIOVANNI,San Giovanni
S05319,SAN GIOVANNI IN PERSICETO,S.G.Persiceto
S06065,SAN GIULIANO D'AREZZO,S. Giuliano D'A.
S04805,SAN GIUSEPPE DI CAIRO,S.Giuseppe di C.
S11827,SAN LEONARDO DI CUTRO,S.Leonardo Cutro
S12028,SAN MARCO D`ALUNZIO T.,S.Marco d'Alunz.
S00089,SAN MAURIZIO,S. Maurizio
S11714,SAN MAURO LA BRUCA,S.Mauro La Bruca
S05118,SAN MOMME`,San Momme'
S11700,SAN NICOLA VARCO DI EBOLI,S.Nicola Varco
S09210,SAN PIETRO INFINE,S.Pietro Infine
S05157,SAN ROCCO MANTOVANO,S. Rocco Mantov.
S11025,SAN SEVERO,San Severo
S00072,SANDIGLIANO,Sandigliano
S00731,SANFRE`,Sanfre'
S01140,SANGIANO,Sangiano
S11733,SANGINETO,Sangineto
S02384,SANGUINETTO,Sanguinetto
S12883,SANLURI STATO,Sanluri S.
S00403,SANNAZZARO,Sannazzaro
S11503,SANNICANDRO DI BARI,Sannicandro
S04505,SANREMO,Sanremo
S11786,SANTA DOMENICA,S.Domenica
S06023,SANTA LUCE,Santa Luce
S11957,SANTA MARIA DI CATANZARO,Santa Maria
S08015,SANTA MARINELLA,Santa Marinella
S08016,SANTA SEVERA,Santa Severa
S12314,SANTA TERESA DI RIVA,S.Teresa Riva
S05069,SANTARCANGELO DI ROMAGNA,Santarcangelo R.
S08521,SANTE MARIE,Sante Marie
S11310,SANTERAMO,Santeramo
S00240,SANTHIA`,SANTHIA'
S12024,SANTO STEFANO DI CAMASTRA,S.Stefano di C.
S08817,SANTOPADRE,Santopadre
S04802,SANTUARIO,Santuario
S11201,SANTUARIO INCORONATA,Santuario Incor.
S12897,SANT`ANNA,Sant'Anna
S12806,SANT`ORSOLA,Sant'Orsola
S09629,SANZANO OCCHINO,Sanzano Occhino
S11721,SAPRI,Sapri
S01949,SARMATO,Sarmato
S09702,SARNO,Sarno
S01933,SARONNO,SARONNO
S01077,SARONNO SUD,Saronno Sud
S00136,SARRE,Sarre
S00038,SARTIRANA,Sartirana
S06007,SARZANA,Sarzana
S07413,SASSA TORNIMPARTE,Sassa Tornimpart
S09907,SASSANO TEGGIANO,Sassano Teggiano
S12807,SASSARI,Sassari
S09475,SASSINORO,Sassinoro
S05104,SASSO MARCONI,Sasso Marconi
S07063,SASSOFERRATO ARCEVIA,Sassoferrato A.
S08712,SASSONE,Sassone
S05194,SASSUOLO RADICI,Sassuolo R
S00604,SAVIGLIANO,Savigliano
S09318,SAVIGNANO GRECI,Savignano G.
S05976,SAVIGNANO MULINO,Sav.M.
S05068,SAVIGNANO SUL RUBICONE,Savign.sul Rub.
S04801,SAVONA,Savona
S04800,SAVONA MARITTIMA,Savona Marittima
S07707,SCAFA S.VALENTINO CARAMANICO T,Scafa S.V.C.T.
S09811,SCAFATI,Scafati
S12814,SCALA DI GIOCCA,Scala di Giocca
S11727,SCALEA S.DOMENICA TALAO,Scalea
S00540,SCALENGHE,Scalenghe
S12309,SCALETTA ZANCLEA,Scaletta Zanclea
S05984,SCANDIANO,SCANDIANO
S07216,SCANZANO BELFIORE,Scanzano B.
S11801,SCANZANO J. MONTALBANO J.,Scanzano J. M.
S06035,SCARLINO,Scarlino
S07805,SCERNE DI PINETO,Scerne di Pineto
S03424,SCHAFFHAUSEN,Schaffhausen
S02140,SCHIO,Schio
S05158,SCHIVENOGLIA,Schivenoglia
S01179,SCHWAZ,Schwaz
S12418,SCICLI,Scicli
S11772,SCILLA,Scilla
S06705,SCOPETI,Scopeti
S06164,SCORCETOLI,Scorcetoli
S12278,SCORDIA,Scordia
S08524,SCURCOLA MARSICANA,Scurcola Mars.
S01826,SECUGNAGO,Secugnago
S02560,SEDICO BRIBANO,Sedico Bribano
S12152,SEGESTA TEMPIO,Segesta Tempio
S05326,SEGNALE DI CONF. RENO EST,Conf.Reno E.
S05325,SEGNALE DI CONF. RENO OVEST,Conf.Reno O.
S06087,SEGNALE DI CONFINE 1^BV ORV. SUD (DISP),Seg.Conf.1Or Sud
S06088,SEGNALE DI CONFINE 1^BV ORV. SUD (PARI),S. Conf. 1Or Sud
S06089,SEGNALE DI CONFINE 2BV AREZZO SUD (DISP),Seg.Conf.2AR Sud
S06090,SEGNALE DI CONFINE 2BV AREZZO SUD (PARI),S.Conf.2AR Sud
S06095,SEGNALE DI CONFINE 2^BV ORV. NORD (DISP),Seg.Conf.2OrNord
S06096,SEGNALE DI CONFINE 2^BV ORV. NORD (PARI),Seg.Conf.2OrNord
S06091,SEGNALE DI CONFINE PM MONTALLESE (DISP),Seg.Conf.PM Mont
S06092,SEGNALE DI CONFINE PM MONTALLESE (PARI),Seg.Conf.PM Mont
S06093,SEGNALE DI CONFINE PM PIEVE (DISP),Seg.Conf.PMPieve
S06094,SEGNALE DI CONFINE PM PIEVE (PARI),S.Conf.PM Pieve
S01715,SEGRATE,Segrate
S07411,SELLA DI CORNO,Sella di Corno
S11831,SELLIA MARINA,Sellia Marina
S06155,SELVA DEL BOCCHETTO,Selva del Bocch.
S02210,SENALES,Senales
S07108,SENIGALLIA,Senigallia
S09501,SEPINO,Sepino
S01318,SEREGNO,Seregno
S01073,SERENELLA,Serenella
S01533,SERIATE,Seriate
S09515,SERINO,Serino
S05161,SERMIDE,Sermide
S07205,SERRA S.QUIRICO,Serra S.Quirico
S12383,SERRADIFALCO,Serradifalco
S00338,SERRALUNGA CERESETO,Serralunga Cer.
S12886,SERRAMANNA NURAMINIS,Serramanna Nuram
S02048,SERRAVALLE,Serravalle
S00431,SERRAVALLE D`ASTI,Serravalle d'A.
S06413,SERRAVALLE PISTOIESE,Serravalle Pist.
S04206,SERRAVALLE SCRIVIA,Serravalle Scr.
S06857,SERRE DI RAPOLANO,Serre di Rapol.
S09000,SESSA AURUNCA R.,Sessa A.
S08917,SESSANO DEL MOLISE,Sessano del Mol.
S01026,SESTO CALENDE,Sesto Calende
S09062,SESTO CAMPANO,Sesto Campano
S06418,SESTO FIORENTINO,Sesto Fiorentino
S01325,SESTO S. GIOVANNI,Sesto S.Giovanni
S04725,SESTRI LEVANTE,Sestri Levante
S08216,SETTE BAGNI,Sette Bagni
S02224,SETTEQUERCE,Settequerce / Siebeneich
S00430,SETTIME CINAGLIO MOMBARONE,Settime C.M.
S00229,SETTIMO,SETTIMO
S00151,SETTIMO TAVAGNASCO,Settimo Tavagn.
S11954,SETTINGIANO,Settingiano
S03151,SEVEGLIANO,Sevegliano
S01925,SEVESO,SEVESO
S42100,SEVNICA,Sevnica
S01000,SEZANA,Sezana
S08609,SEZZE ROMANO,Sezze Romano
S08659,SGURGOLA,Sgurgola
S11811,SIBARI,Sibari
S09827,SICIGNANO DEGLI ALBURNI,Sicignano d.A.
S11850,SIDERNO,Siderno
S06903,SIECI,Sieci
S06809,SIENA,Siena
S06867,SIENA ZONA INDUSTRIALE,Siena Zona Ind.
S01509,SIERRE SIDERS,Sierre Siders
S06513,SIGNA,Signa
S02205,SILANDRO,Silandro
S12954,SILIQUA,Siliqua
S05109,SILLA,Silla
S00978,SILLAVENGO,Sillavengo
S07807,SILVI,Silvi
S11832,SIMERI CRICHI,Simeri Crichi
S06852,SINALUNGA,Sinalunga
S03700,SINGEN,Singen
S03350,SIOFOK,Siofok
S01225,SION,Sion
S08300,SIPICCIANO,Sipicciano
S08302,SIPICCIANO S.NICOLA,Sipicciano S.N.
S11056,SIPONTO,Siponto
S12349,SIRACUSA,Siracusa
S12351,SIRACUSA M.,Siracusa M.
S03312,SISTIANA,Sistiana
S00111,SIZZANO,Sizzano
S02201,SLUDERNO-GLORENZA,Sluderno-Glorenz
S02732,SOFFRATTA,Soffratta
S02504,SOLAGNA,Solagna
S05900,SOLAROLO,Solarolo
S12876,SOLARUSSA,Solarussa
S00469,SOLERO,Solero
S02351,SOLIERA MODENESE,Soliera Modenese
S06156,SOLIGNANO,Solignano
S09516,SOLOFRA,Solofra
S09307,SOLOPACA,Solopaca
S01028,SOMMA LOMBARDO,Somma Lombardo
S02094,SOMMACAMPAGNA-SONA,Sommacampagna
S00730,SOMMARIVA BOSCO,Sommariva Bosco
S01430,SONDRIO,Sondrio
S08857,SORA,Sora
S01607,SORESINA,Soresina
S07434,SORGENTI DEL PESCHIERA,Sorgenti d.Pesch
S04712,SORI,Sori
S11837,SOVERATO,Soverato
S12054,SPADAFORA,Spadafora
S12048,SPADAFORA,Spadafora
S12106,SPAGNUOLA,Spagnuola
S09206,SPARANISE,Sparanise
S09761,SPARTIMENTO DI SCISCIANO,S. di Scisciano
S07010,SPELLO,Spello
S11901,SPEZZANO ALBANESE TERME,Spezzano Alb.T.
S07483,SPIEZ,Spiez
S00874,SPIGNO,Spigno
S11304,SPINAZZOLA,Spinazzola
S02516,SPINEA,Spinea
S07022,SPINET.V.S.PIO X,SPINET.V.S.PIO X
S07552,SPINETOLI COLLI,Spinetoli C.
S01940,SPINETTA,Spinetta
S07221,SPOLETO,Spoleto
S02202,SPONDIGNA-PRATO VENOSTA,Spondigna-Prato
S04526,SPOTORNO NOLI,Spotorno Noli
S02709,SPRESIANO,Spresiano
S11835,SQUILLACE,Squillace
S11142,SQUINZANO,Squinzano
S03633,ST VEIT GLAN,St Veit a.d.Glan
S00620,ST.DALMAS DE TENDE,St.Dalmas de T.
S19919,STABIO,STABIO
S06810,STAGGIA,Staggia
S05705,STANGHELLA,Stanghella
S02736,STAZIONE PER L`ALPAGO,Stazione Alpago
S02264,STEINACH TIROL,Steinach Tirol
S05164,STELLATA FICAROLO,Stellata Ficar.
S06824,STICCIANO,Sticciano
S08212,STIMIGLIANO,Stimigliano
S06617,STRADA CASALE,Strada Casale
S01945,STRADELLA,Stradella
S00155,STRAMBINO,Strambino
S03150,STRASSOLDO,Strassoldo
S01016,STRESA,Stresa
S00866,STREVI,Strevi
S02315,STRIGNO,Strigno
S07400,STRONCONE,Stroncone
S11822,STRONGOLI,Strongoli
S03800,STUTTGART HBF,Stuttgart Hbf
S12896,SU CANALE,Su Canale
S06082,SUBBIANO,Subbiano
S08539,SULMONA,Sulmona
S08900,SULMONA-INTRODACQUA,Sulmona-Introd.
S00018,SUNO,Suno
S11144,SURBO,Surbo
S11134,SURBO FASCIO MERCI,Surbo f.Merci
S00260,SUSA,Susa
S02708,SUSEGANA,Susegana
S02340,SUZZARA,Suzzara
S05153,SUZZARA V.N.,Suzzara V.N.
S03269,SZEKESFEHERVAR,Szekesfehervar
S04506,TAGGIA ARMA,Taggia Arma
S08522,TAGLIACOZZO,Tagliacozzo
S05959,TAGLIATA,Tagliata
S01122,TAINO ANGERA,Taino Angera
S01426,TALAMONA,Talamona
S08002,TALAMONE,Talamone
S12317,TAORMINA,Taormina
S11465,TARANTO,Taranto
S03022,TARCENTO,Tarcento
S12353,TARGIA,Targia
S08009,TARQUINIA,Tarquinia
S11903,TARSIA,Tarsia
S03015,TARVISIO BOSCOVERDE,Tarvisio Boscov.
S06405,TASSIGNANO,Tassignano
S09605,TAURASI,Taurasi
S01824,TAVAZZANO,Tavazzano
S09205,TEANO,Teano
S02662,TEGLIO VENETO,Teglio Veneto
S02213,TEL,Tel
S09326,TELESE CERRETO,Telese Cerreto
S12215,TEMPIO DI VULCANO,Tempio Vulcano
S00619,TENDE,Tende
S07900,TERAMO,Teramo
S02223,TERLANO-ANDRIANO,Terlano-Andriano / Terlan-Andrian
S05701,TERME EUGANEE-ABANO-MONTEGR.,Terme Euganee
S12040,TERME VIGLIATORE,Terme Vigliatore
S12014,TERMINI IMERESE,Termini Imerese
S11019,TERMOLI,Termoli
S01143,TERNATE VARANO BORGHI,Ternate V.B.
S07226,TERNI,Terni
S07430,TERNI COSPEA,Terni Cospea
S01504,TERNO,Terno
S06922,TERONTOLA CORTONA,Terontola
S08809,TERRACINA,Terracina
S06167,TERRAROSSA - TRESANA,Terrarossa-Tres.
S12108,TERRENOVE,Terrenove
S07425,TERRIA,Terria
S09753,TERZIGNO,Terzigno
S00869,TERZO MONTABONE,Terzo Montabone
S02318,TEZZE DI GRIGNO,Tezze di Grigno
S02143,THIENE,Thiene
S01250,THUN,Thun
S11869,THURIO,Thurio
S11216,TIERA,Tiera
S07426,TIONE DEGLI ABRUZZI,Tione degli A.
S01440,TIRANO,Tirano
S12813,TISSI USINI,Tissi Usini
S09834,TITO,Tito
S08508,TIVOLI,Tivoli
S07705,TOCCO CASTIGLIONE,Tocco C.
S07304,TOLENTINO,Tolentino
S07814,TOLLO CANOSA SANNITA,Tollo Canosa S.
S06720,TOMBOLO,Tombolo
S12131,TOMMASO NATALE,Tommaso Natale
S00342,TONCO ALFIANO,Tonco Alfiano
S08501,TOR SAPIENZA,Tor Sapienza
S08655,TOR VERGATA,Tor Vergata
S09202,TORA PRESENZANO,Tora Presenzano
S11906,TORANO LATTARICO,Torano Lattarico
S11706,TORCHIARA,Torchiara
S00224,TORINO DORA,Torino Dora
S00452,TORINO LINGOTTO,TO Lingotto
S00219,TORINO P.NUOVA,Torino P.Nuova
S00035,TORINO PORTA SUSA,Torino P. Susa
S00060,TORINO REBAUDENGO FOSSATA,Torino Reb.Foss.
S00223,TORINO S. PAOLO,Torino S.Paolo
S00228,TORINO STURA,Torino Stura
S12865,TORRALBA,Torralba
S00234,TORRAZZA P.,Torrazza
S09806,TORRE ANNUNZIATA CENTRALE,Torre A.Centrale
S09805,TORRE ANNUNZIATA CITTA',Torre A. Città
S07706,TORRE DEI PASSERI,Torre dei P.
S09803,TORRE DEL GRECO,Torre del Greco
S06015,TORRE DEL LAGO PUCCINI,Torre del Lago
S01918,TORRE DE` PICENARDI,Torre de' Picen.
S08019,TORRE IN PIETRA-PALIDORO,Torre in Piet. P
S11821,TORRE MELISSA,Torre Melissa
S11717,TORRE ORSAIA,Torre Orsaia
S00524,TORRE PELLICE,Torre Pellice
S00545,TORRE S.GIORGIO,Torre S.Giorgio
S00039,TORREBERETTI,Torreberetti
S12061,TORREGROTTA,Torregrotta
S11971,TORREMEZZO DI FALCONARA,Torremezzo
S06817,TORRENIERI,Torrenieri
S07011,TORRICELLA,Torricella
S08600,TORRICOLA,Torricola
S01853,TORRILE S. POLO,Torrile S. Polo
S09835,TORRIONE,Torrione
S06854,TORRITA DI SIENA,Torrita di Siena
S01810,TORTONA,Tortona
S07801,TORTORETO LIDO,Tortoreto Lido
S03206,TORVISCOSA,Torviscosa
S11961,TOSCANO,Toscano
S12013,TRABIA,Trabia
S09122,TRACCIA,Traccia
S11112,TRANI,Trani
S12100,TRAPANI,Trapani
S00925,TRAPPA,Trappa
S12123,TRAPPETO,Trappeto
S01142,TRAVEDONA BIANDRONNO,Travedona Biand.
S03081,TRAVESIO,Travesio
S08308,TRE CROCI,Tre Croci
S02514,TREBASELEGHE,Trebaseleghe
S11808,TREBISACCE,Trebisacce
S00252,TRECATE,Trecate
S01706,TRECELLA,Trecella
S12303,TREMESTIERI,Tremestieri
S02038,TRENTO,Trento
S11143,TREPUZZI,Trepuzzi
S06821,TREQUANDA,Trequanda
S01437,TRESENDA-APRICA-TEGLIO,Tresenda-A.-T.
S05172,TRESIGALLO - CORREGGI,Tresigallo-Cor.
S07218,TREVI,Trevi
S01708,TREVIGLIO,Treviglio
S01601,TREVIGLIO OVEST,Treviglio Ovest
S02600,TREVIGNANO SIGNORESSA,Trevignano Sign.
S02712,TREVISO C.,Treviso C.
S01065,TREZZANO S.N.,Trezzano S.N.
S03023,TRICESIMO - SAN PELAGIO,Tricesimo S.Pel.
S03213,TRIESTE AIRPORT,Trieste Airport
S03856,TRIESTE AQUILINIA,Trieste Aq.linia
S03317,TRIESTE CENTRALE,Trieste Centrale
S03854,TRIESTE SERVOLA,Trieste Servola
S09028,TRIFLISCO,Triflisco
S11106,TRINITAPOLI S.FERDIN. DI P.,Trinitapoli
S00950,TRINITA` BENE VAGIENNA,Trinita' B. V.
S00176,TRINO VERCELLESE,Trino Verc.
S01485,TRIUGGIO-PONTE ALBIATE,Triuggio-P.A.
S11452,TRIVIGNO,Trivigno
S00455,TROFARELLO,Trofarello
S09322,TROIA CASTELLUCCIO SAURI,Troia Cast.Sauri
S00275,TROMELLO,Tromello
S00239,TRONZANO,Tronzano
S11760,TROPEA,Tropea
S09013,TUFARA VALLE,Tufara Valle
S09512,TUFO,Tufo
S07000,TUORO SUL TRASIMENO,Tuoro sul Tr.
S12022,TUSA,Tusa
S02901,TUTTINGEN,Tuttingen
S11140,TUTURANO,Tuturano
S03026,UDINE,Udine
S03006,UGOVIZZA VALBRUNA,Ugovizza V.
S12880,URAS MOGORO,Uras Mogoro
S07306,URBISAGLIA SFORZACOSTA,Urbisaglia S.
S09467,URURI ROTELLO,Ururi Rotello
S06025,VADA,Vada
S06602,VAGLIA,Vaglia
S11450,VAGLIO BASILICATA,Vaglio Basil.
S05136,VAIANO,Vaiano
S09203,VAIRANO,Vairano
S08014,VAL D'ALA,VAL D'ALA
S05177,VALCESURA,Valcesura
S02110,VALDAORA - ANTERSELVA,Valdaora - Anter / Olang-Antholz
S05117,VALDIBRANA,Valdibrana
S00041,VALENZA,Valenza
S05160,VALLAZZA - CARBONARA PO,Vallazza-Carb.Po
S08329,VALLE AURELIA,Valle Aurelia
S09304,VALLE DI MADDALONI,Valle di Maddal.
S09705,VALLE DI MERCATO S.SEVERINO,Valle di Mercato
S00037,VALLE LOMELLINA,Valle Lomellina
S04502,VALLECROSIA,Vallecrosia
S12231,VALLEDOLMO,Valledolmo
S12232,VALLELUNGA,Vallelunga
S11709,VALLO DELLA LUC. CASTELNUOVO,Vallo d.Lucania
S01103,VALLORBE,Vallorbe
S00042,VALMADONNA,Valmadonna
S01463,VALMADRERA,Valmadrera
S08656,VALMONTONE,Valmontone
S00887,VALPERGA,Valperga
S07214,VALTOPINA,Valtopina
S02103,VANDOIES,Vandoies / Vintl
S01036,VANZAGO POGLIANO,Vanzago Pogliano
S00022,VAPRIO D`AGOGNA,Vaprio d'Agogna
S00982,VARALLO POMBIA,Varallo Pombia
S00100,VARALLO SESIA,Varallo Sesia
S07500,VARANO,Varano
S04531,VARAZZE,Varazze
S01084,VAREDO,Varedo
S01411,VARENNA ESINO,Varenna Esino
S01205,VARESE,Varese
S05052,VARIGNANA,Varignana
S07824,VASTO S.SALVO,Vasto S.Salvo
S08913,VASTOGIRARDI,Vastogirardi
S05979,VEGGIA,VEGGIA
S08734,VELLETRI,Velletri
S09060,VENAFRO,Venafro
S00085,VENARIA,Venaria
S12047,VENETICO,Venetico
S02672,VENEZIA CARPENEDO,Venezia Carpen.
S02515,VENEZIA MARGHERA SCALO,VE.MARGHERA SC.
S02594,VENEZIA MARITTIMA,VE Marittima
S02589,VENEZIA MESTRE,Venezia Mestre
S02517,VENEZIA MESTRE OSPEDALE,Mestre Ospedale
S02592,VENEZIA PORTO MARGHERA,V.Porto Marghera
S02593,VENEZIA SANTA LUCIA,Venezia S.Lucia
S11302,VENOSA - MASCHITO,Venosa Maschito
S04501,VENTIMIGLIA,Ventimiglia
S03018,VENZONE,Venzone
S01013,VERBANIA-PALLANZA,Verbania
S01404,VERCEIA,Verceia
S00245,VERCELLI,Vercelli
S01523,VERCURAGO S.GIROLAMO,Vercurago S.Gir.
S01600,VERDELLO DALMINE,Verdello Dalmine
S05107,VERGATO,Vergato
S01027,VERGIATE,Vergiate
S05197,VERGINESE,VERGINESE
S00073,VERGNASCO,Vergnasco
S00616,VERNANTE,Vernante
S04733,VERNAZZA,Vernazza
S05135,VERNIO MONTEPIANO CANTAGALLO,Vernio
S01903,VEROLANUOVA,Verolanuova
S00170,VEROLENGO,Verolengo
S02061,VERONA CA` DI DAVID,VR Cà di David
S02058,VERONA PARONA,Verona Parona
S02430,VERONA PORTA NUOVA,Verona P.Nuova
S02433,VERONA PORTA VESCOVO,Verona P.Vescovo
S00145,VERRES,Verres
S00701,VERZUOLO,Verzuolo
S00031,VESPOLATE,Vespolate
S12135,VESPRI,Vespri
S08309,VETRALLA,Vetralla
S06171,VEZZANO LIGURE,Vezzano Ligure
S05942,VEZZOLA,Vezzola
S09114,VIA CAMPANA,Via Campana
S06064,VIA CHIARI,Via Chiari
S05972,VIA LUNGA,Via Lun.
S01842,VIADANA BRESCIANA,Viadana Bresc.
S06040,VIAREGGIO,Viareggio
S11754,VIBO MARINA,Vibo Marina
S11789,VIBO VALENZIA PIZZO,Vibo Pizzo
S06017,VICARELLO,Vicarello
S06700,VICCHIO,Vicchio
S02446,VICENZA,Vicenza
S08310,VICO MATRINO,Vico Matrino
S06150,VICOFERTILE,Vicofertile
S00953,VICOFORTE SAN MICHELE,Vicoforte S.M.
S08511,VICOVARO,Vicovaro
S01709,VIDALENGO,Vidalengo
S09817,VIETRI SUL MARE,Vietri sul Mare
S00618,VIEVOLA,Vievola
S05166,VIGARANO PIEVE,Vigarano Pieve
S01061,VIGEVANO,Vigevano
S00977,VIGLIANO CANDELO,Vigliano Candelo
S07412,VIGLIANO D`ABRUZZO,Vigliano d'Abruz
S00802,VIGLIANO D`ASTI,Vigliano d'Asti
S08331,VIGNA CLARA,Vigna Clara
S08316,VIGNA DI VALLE,Vigna di Valle
S00021,VIGNALE,Vignale
S06032,VIGNALE RIOTORTO,Vignale Riotorto
S01704,VIGNATE,Vignate
S05978,VIGNOLA,VIGNOLA
S02528,VIGODARZERE,Vigodarzere
S00542,VIGONE,Vigone
S02586,VIGONZA PIANIGA,Vigonza Pianiga
S08399,VILLA BONELLI,Villa Bonelli
S05022,VILLA CADE`,Villa Cade'
S11608,VILLA CASTELLI,Villa Castelli
S08714,VILLA CLAUDIA,Villa Claudia
S02523,VILLA DEL CONTE,Villa del Conte
S01439,VILLA DI TIRANO,Villa di Tirano
S09003,VILLA LITERNO,Villa Literno
S03466,VILLA OPICINA,Villa Opicina
S09024,VILLA ORTENSIA,Villa Ortensia
S01487,VILLA RAVERIO,Villa Raverio
S11773,VILLA S.G.CANNITELLO,V.S.G.Cannitello
S07995,VILLA S.MARIA,Villa S.Maria
S11774,VILLA SAN GIOVANNI,Villa S.Giovanni
S08555,VILLA SAN MICHELE,Villa S.Michele
S08523,VILLA SAN SEBASTIANO,Villa San Seb.
S02367,VILLABARTOLOMEA,Villabartolomea
S02112,VILLABASSA - BRAIES,Villabassa / Niederdorf-Prags
S12006,VILLABATE,Villabate
S00001,VILLADOSSOLA,Villadossola
S06166,VILLAFRANCA - BAGNONE,Villafranca-Bagn
S00459,VILLAFRANCA C.,Villafranca C.
S02331,VILLAFRANCA DI VERONA,Villafranca D.V.
S00543,VILLAFRANCA P.,Villafranca P.
S12050,VILLAFRANCA TIRRENA,Villafranca T.
S12233,VILLALBA,Villalba
S05980,VILLALUNGA,VILLALUNGA
S01802,VILLAMAGGIORE,Villamaggiore
S12952,VILLAMASSARGIA DOMUSNOVAS,Villamassargia D
S00458,VILLANOVA,Villanova
S00092,VILLANOVA - GROSSO,Villanova-Grosso
S02345,VILLANOVA DI REGGIOLO,Villanova Regg.
S01962,VILLANOVA D`ARDA,Villanova d'Arda
S00278,VILLANOVA D`ARDENGHI,Villanova d'Ard.
S11809,VILLAPIANA LIDO,Villapiana Lido
S11810,VILLAPIANA TORRE CERCHIARA,Villapiana T.C.
S12237,VILLAROSA,Villarosa
S01481,VILLASANTA,Villasanta
S12887,VILLASOR,Villasor
S12956,VILLASPECIOSA UTA,Villaspecios Uta
S00600,VILLASTELLONE,Villastellone
S02145,VILLAVERLA MONTECCHIO,Villaverla
S02300,VILLAZZANO,Villazzano
S00135,VILLENEUVE,Villeneuve
S08711,VILLETTA,Villetta
S01916,VILLETTA MALAGNINO,Villetta Malagn.
S06322,VILLETTA S. ROMANO,Villetta S. Rom.
S02222,VILPIANO-NALLES,Vilpiano-Nalles / Vilpian-Nals
S09457,VINCHIATURO,Vinchiaturo
S02006,VIPITENO,Vipiteno / Sterzing
S01844,VISANO,Visano
S04100,VISONE,Visone
S08304,VITERBO PORTA FIORENTINA,Viterbo P.F.
S08306,VITERBO PORTA ROMANA,Viterbo P.R.
S12410,VITTORIA,Vittoria
S02733,VITTORIO VENETO,Vittorio Veneto
S01042,VITTUONE ARLUNO,Vittuone Arluno
S09310,VITULANO FOGLIANISE,Vitulano Fogl.
S12391,VITUSO,Vituso
S12273,VIZZINI,Vizzini
S01807,VOGHERA,Voghera
S01008,VOGOGNA OSSOLA,Vogogna Ossola
S00880,VOLPIANO,VOLPIANO
S05807,VOLTANA,Voltana
S06753,VOLTERRA SALINE - POMARANCE,Volterra Saline
S73110,VRBOVEC,Vrbovec
S03299,VRTOJBA,Vrtojba
S99999,Y,Y
S08652,ZAGAROLO,Zagarolo
S03392,ZAMARDI,Zamardi
S06425,ZAMBRA,Zambra
S11758,ZAMBRONE,Zambrone
S12029,ZAPPULLA,Zappulla
S05163,ZERBINATE,Zerbinate
S00401,ZINASCO NUOVO,Zinasco Nuovo
S04721,ZOAGLI,Zoagli
S05971,ZOLA CENTRO,Zola C.
S03001,ZURICH ALTSTETTEN,Zurich Altstett.
